0p03	0.03	254	
0	0	255	
0p01	0.01	255	
0p016667	0.016667	255	
0p023333	0.023333	255	
0p03	0.03	255	
0	0	256	
0p01	0.01	256	
0p016667	0.016667	256	
0p023333	0.023333	256	
0p03	0.03	256	
0	0	257	
0p01	0.01	257	
0p016667	0.016667	257	
0p023333	0.023333	257	
0p03	0.03	257	
0	0	258	
0p01	0.01	258	
0p016667	0.016667	258	
0p023333	0.023333	258	
0p03	0.03	258	
0	0	259	
0p01	0.01	259	
0p016667	0.016667	259	
0p023333	0.023333	259	
0p03	0.03	259	
0	0	260	
0p01	0.01	260	
0p016667	0.016667	260	
0p023333	0.023333	260	
0p03	0.03	260	
0	0	261	
0p01	0.01	261	
0p016667	0.016667	261	
0p023333	0.023333	261	
0p03	0.03	261	
0	0	262	
0p01	0.01	262	
0p016667	0.016667	262	
0p023333	0.023333	262	
0p03	0.03	262	
0	0	263	
0p01	0.01	263	
0p016667	0.016667	263	
0p023333	0.023333	263	
0p03	0.03	263	
0	0	264	
0p01	0.01	264	
0p016667	0.016667	264	
0p023333	0.023333	264	
0p03	0.03	264	
0	0	265	
0p01	0.01	265	
0p016667	0.016667	265	
0p023333	0.023333	265	
0p03	0.03	265	
0	0	266	
0p01	0.01	266	
0p016667	0.016667	266	
0p023333	0.023333	266	
0p03	0.03	266	
0	0	267	
0p01	0.01	267	
0p016667	0.016667	267	
0p023333	0.023333	267	
0p03	0.03	267	
0	0	268	
0p01	0.01	268	
0p016667	0.016667	268	
0p023333	0.023333	268	
0p03	0.03	268	
0	0	269	
0p01	0.01	269	
0p016667	0.016667	269	
0p023333	0.023333	269	
0p03	0.03	269	
0	0	270	
0p01	0.01	270	
0p016667	0.016667	270	
0p023333	0.023333	270	
0p03	0.03	270	
0	0	271	
0p01	0.01	271	
0p016667	0.016667	271	
0p023333	0.023333	271	
0p03	0.03	271	
0	0	272	
0p01	0.01	272	
0p016667	0.016667	272	
0p023333	0.023333	272	
0p03	0.03	272	
0	0	273	
0p01	0.01	273	
0p016667	0.016667	273	
0p023333	0.023333	273	
0p03	0.03	273	
0	0	274	
0p01	0.01	274	
0p016667	0.016667	274	
0p023333	0.023333	274	
0p03	0.03	274	
0	0	275	
0p01	0.01	275	
0p016667	0.016667	275	
0p023333	0.023333	275	
0p03	0.03	275	
0	0	276	
0p01	0.01	276	
0p016667	0.016667	276	
0p023333	0.023333	276	
0p03	0.03	276	
0	0	277	
0p01	0.01	277	
0p016667	0.016667	277	
0p023333	0.023333	277	
0p03	0.03	277	
0	0	278	
0p01	0.01	278	
0p016667	0.016667	278	
0p023333	0.023333	278	
0p03	0.03	278	
0	0	279	
0p01	0.01	279	
0p016667	0.016667	279	
0p023333	0.023333	279	
0p03	0.03	279	
0	0	280	
0p01	0.01	280	
0p016667	0.016667	280	
0p023333	0.023333	280	
0p03	0.03	280	
0	0	281	
0p01	0.01	281	
0p016667	0.016667	281	
0p023333	0.023333	281	
0p03	0.03	281	
0	0	282	
0p01	0.01	282	
0p016667	0.016667	282	
0p023333	0.023333	282	
0p03	0.03	282	
0	0	283	
0p01	0.01	283	
0p016667	0.016667	283	
0p023333	0.023333	283	
0p03	0.03	283	
0	0	284	
0p01	0.01	284	
0p016667	0.016667	284	
0p023333	0.023333	284	
0p03	0.03	284	
0	0	285	
0p01	0.01	285	
0p016667	0.016667	285	
0p023333	0.023333	285	
0p03	0.03	285	
0	0	286	
0p01	0.01	286	
0p016667	0.016667	286	
0p023333	0.023333	286	
0p03	0.03	286	
0	0	287	
0p01	0.01	287	
0p016667	0.016667	287	
0p023333	0.023333	287	
0p03	0.03	287	
0	0	288	
0p01	0.01	288	
0p016667	0.016667	288	
0p023333	0.023333	288	
0p03	0.03	288	
0	0	289	
0p01	0.01	289	
0p016667	0.016667	289	
0p023333	0.023333	289	
0p03	0.03	289	
0	0	290	
0p01	0.01	290	
0p016667	0.016667	290	
0p023333	0.023333	290	
0p03	0.03	290	
0	0	291	
0p01	0.01	291	
0p016667	0.016667	291	
0p023333	0.023333	291	
0p03	0.03	291	
0	0	292	
0p01	0.01	292	
0p016667	0.016667	292	
0p023333	0.023333	292	
0p03	0.03	292	
0	0	293	
0p01	0.01	293	
0p016667	0.016667	293	
0p023333	0.023333	293	
0p03	0.03	293	
0	0	294	
0p01	0.01	294	
0p016667	0.016667	294	
0p023333	0.023333	294	
0p03	0.03	294	
0	0	295	
0p01	0.01	295	
0p016667	0.016667	295	
0p023333	0.023333	295	
0p03	0.03	295	
0	0	296	
0p01	0.01	296	
0p016667	0.016667	296	
0p023333	0.023333	296	
0p03	0.03	296	
0	0	297	
0p01	0.01	297	
0p016667	0.016667	297	
0p023333	0.023333	297	
0p03	0.03	297	
0	0	298	
0p01	0.01	298	
0p016667	0.016667	298	
0p023333	0.023333	298	
0p03	0.03	298	
0	0	299	
0p01	0.01	299	
0p016667	0.016667	299	
0p023333	0.023333	299	
0p03	0.03	299	
0	0	300	
0p01	0.01	300	
0p016667	0.016667	300	
0p023333	0.023333	300	
0p03	0.03	300	
0	0	301	
0p01	0.01	301	
0p016667	0.016667	301	
0p023333	0.023333	301	
0p03	0.03	301	
0	0	302	
0p01	0.01	302	
0p016667	0.016667	302	
0p023333	0.023333	302	
0p03	0.03	302	
0	0	303	
0p01	0.01	303	
0p016667	0.016667	303	
0p023333	0.023333	303	
0p03	0.03	303	
0	0	304	
0p01	0.01	304	
0p016667	0.016667	304	
0p023333	0.023333	304	
0p03	0.03	304	
0	0	305	
0p01	0.01	305	
0p016667	0.016667	305	
0p023333	0.023333	305	
0p03	0.03	305	
0	0	306	
0p01	0.01	306	
0p016667	0.016667	306	
0p023333	0.023333	306	
0p03	0.03	306	
0	0	307	
0p01	0.01	307	
0p016667	0.016667	307	
0p023333	0.023333	307	
0p03	0.03	307	
0	0	308	
0p01	0.01	308	
0p016667	0.016667	308	
0p023333	0.023333	308	
0p03	0.03	308	
0	0	309	
0p01	0.01	309	
0p016667	0.016667	309	
0p023333	0.023333	309	
0p03	0.03	309	
0	0	310	
0p01	0.01	310	
0p016667	0.016667	310	
0p023333	0.023333	310	
0p03	0.03	310	
0	0	311	
0p01	0.01	311	
0p016667	0.016667	311	
0p023333	0.023333	311	
0p03	0.03	311	
0	0	312	
0p01	0.01	312	
0p016667	0.016667	312	
0p023333	0.023333	312	
0p03	0.03	312	
0	0	313	
0p01	0.01	313	
0p016667	0.016667	313	
0p023333	0.023333	313	
0p03	0.03	313	
0	0	314	
0p01	0.01	314	
0p016667	0.016667	314	
0p023333	0.023333	314	
0p03	0.03	314	
0	0	315	
0p01	0.01	315	
0p016667	0.016667	315	
0p023333	0.023333	315	
0p03	0.03	315	
0	0	316	
0p01	0.01	316	
0p016667	0.016667	316	
0p023333	0.023333	316	
0p03	0.03	316	
0	0	317	
0p01	0.01	317	
0p016667	0.016667	317	
0p023333	0.023333	317	
0p03	0.03	317	
0	0	318	
0p01	0.01	318	
0p016667	0.016667	318	
0p023333	0.023333	318	
0p03	0.03	318	
0	0	319	
0p01	0.01	319	
0p016667	0.016667	319	
0p023333	0.023333	319	
0p03	0.03	319	
0	0	320	
0p01	0.01	320	
0p016667	0.016667	320	
0p023333	0.023333	320	
0p03	0.03	320	
0	0	321	
0p01	0.01	321	
0p016667	0.016667	321	
0p023333	0.023333	321	
0p03	0.03	321	
0	0	322	
0p01	0.01	322	
0p016667	0.016667	322	
0p023333	0.023333	322	
0p03	0.03	322	
0	0	323	
0p01	0.01	323	
0p016667	0.016667	323	
0p023333	0.023333	323	
0p03	0.03	323	
0	0	324	
0p01	0.01	324	
0p016667	0.016667	324	
0p023333	0.023333	324	
0p03	0.03	324	
0	0	325	
0p01	0.01	325	
0p016667	0.016667	325	
0p023333	0.023333	325	
0p03	0.03	325	
0	0	326	
0p01	0.01	326	
0p016667	0.016667	326	
0p023333	0.023333	326	
0p03	0.03	326	
0	0	327	
0p01	0.01	327	
0p016667	0.016667	327	
0p023333	0.023333	327	
0p03	0.03	327	
0	0	328	
0p01	0.01	328	
0p016667	0.016667	328	
0p023333	0.023333	328	
0p03	0.03	328	
0	0	329	
0p01	0.01	329	
0p016667	0.016667	329	
0p023333	0.023333	329	
0p03	0.03	329	
0	0	330	
0p01	0.01	330	
0p016667	0.016667	330	
0p023333	0.023333	330	
0p03	0.03	330	
0	0	331	
0p01	0.01	331	
0p016667	0.016667	331	
0p023333	0.023333	331	
0p03	0.03	331	
0	0	332	
0p01	0.01	332	
0p016667	0.016667	332	
0p023333	0.023333	332	
0p03	0.03	332	
0	0	333	
0p01	0.01	333	
0p016667	0.016667	333	
0p023333	0.023333	333	
0p03	0.03	333	
0	0	334	
0p01	0.01	334	
0p016667	0.016667	334	
0p023333	0.023333	334	
0p03	0.03	334	
0	0	335	
0p01	0.01	335	
0p016667	0.016667	335	
0p023333	0.023333	335	
0p03	0.03	335	
0	0	336	
0p01	0.01	336	
0p016667	0.016667	336	
0p023333	0.023333	336	
0p03	0.03	336	
0	0	337	
0p01	0.01	337	
0p016667	0.016667	337	
0p023333	0.023333	337	
0p03	0.03	337	
0	0	338	
0p01	0.01	338	
0p016667	0.016667	338	
0p023333	0.023333	338	
0p03	0.03	338	
0	0	339	
0p01	0.01	339	
0p016667	0.016667	339	
0p023333	0.023333	339	
0p03	0.03	339	
0	0	340	
0p01	0.01	340	
0p016667	0.016667	340	
0p023333	0.023333	340	
0p03	0.03	340	
0	0	341	
0p01	0.01	341	
0p016667	0.016667	341	
0p023333	0.023333	341	
0p03	0.03	341	
0	0	342	
0p01	0.01	342	
0p016667	0.016667	342	
0p023333	0.023333	342	
0p03	0.03	342	
0	0	343	
0p01	0.01	343	
0p016667	0.016667	343	
0p023333	0.023333	343	
0p03	0.03	343	
0	0	344	
0p01	0.01	344	
0p016667	0.016667	344	
0p023333	0.023333	344	
0p03	0.03	344	
0	0	345	
0p01	0.01	345	
0p016667	0.016667	345	
0p023333	0.023333	345	
0p03	0.03	345	
0	0	346	
0p01	0.01	346	
0p016667	0.016667	346	
0p023333	0.023333	346	
0p03	0.03	346	
0	0	347	
0p01	0.01	347	
0p016667	0.016667	347	
0p023333	0.023333	347	
0p03	0.03	347	
0	0	348	
0p01	0.01	348	
0p016667	0.016667	348	
0p023333	0.023333	348	
0p03	0.03	348	
0	0	349	
0p01	0.01	349	
0p016667	0.016667	349	
0p023333	0.023333	349	
0p03	0.03	349	
0	0	350	
0p01	0.01	350	
0p016667	0.016667	350	
0p023333	0.023333	350	
0p03	0.03	350	
0	0	351	
0p01	0.01	351	
0p016667	0.016667	351	
0p023333	0.023333	351	
0p03	0.03	351	
0	0	352	
0p01	0.01	352	
0p016667	0.016667	352	
0p023333	0.023333	352	
0p03	0.03	352	
0	0	353	
0p01	0.01	353	
0p016667	0.016667	353	
0p023333	0.023333	353	
0p03	0.03	353	
0	0	354	
0p01	0.01	354	
0p016667	0.016667	354	
0p023333	0.023333	354	
0p03	0.03	354	
0	0	355	
0p01	0.01	355	
0p016667	0.016667	355	
0p023333	0.023333	355	
0p03	0.03	355	
0	0	356	
0p01	0.01	356	
0p016667	0.016667	356	
0p023333	0.023333	356	
0p03	0.03	356	
0	0	357	
0p01	0.01	357	
0p016667	0.016667	357	
0p023333	0.023333	357	
0p03	0.03	357	
0	0	358	
0p01	0.01	358	
0p016667	0.016667	358	
0p023333	0.023333	358	
0p03	0.03	358	
0	0	359	
0p01	0.01	359	
0p016667	0.016667	359	
0p023333	0.023333	359	
0p03	0.03	359	
0	0	360	
0p01	0.01	360	
0p016667	0.016667	360	
0p023333	0.023333	360	
0p03	0.03	360	
0	0	361	
0p01	0.01	361	
0p016667	0.016667	361	
0p023333	0.023333	361	
0p03	0.03	361	
0	0	362	
0p01	0.01	362	
0p016667	0.016667	362	
0p023333	0.023333	362	
0p03	0.03	362	
0	0	363	
0p01	0.01	363	
0p016667	0.016667	363	
0p023333	0.023333	363	
0p03	0.03	363	
0	0	364	
0p01	0.01	364	
0p016667	0.016667	364	
0p023333	0.023333	364	
0p03	0.03	364	
0	0	365	
0p01	0.01	365	
0p016667	0.016667	365	
0p023333	0.023333	365	
0p03	0.03	365	
0	0	366	
0p01	0.01	366	
0p016667	0.016667	366	
0p023333	0.023333	366	
0p03	0.03	366	
0	0	367	
0p01	0.01	367	
0p016667	0.016667	367	
0p023333	0.023333	367	
0p03	0.03	367	
0	0	368	
0p01	0.01	368	
0p016667	0.016667	368	
0p023333	0.023333	368	
0p03	0.03	368	
0	0	369	
0p01	0.01	369	
0p016667	0.016667	369	
0p023333	0.023333	369	
0p03	0.03	369	
0	0	370	
0p01	0.01	370	
0p016667	0.016667	370	
0p023333	0.023333	370	
0p03	0.03	370	
0	0	371	
0p01	0.01	371	
0p016667	0.016667	371	
0p023333	0.023333	371	
0p03	0.03	371	
0	0	372	
0p01	0.01	372	
0p016667	0.016667	372	
0p023333	0.023333	372	
0p03	0.03	372	
0	0	373	
0p01	0.01	373	
0p016667	0.016667	373	
0p023333	0.023333	373	
0p03	0.03	373	
0	0	374	
0p01	0.01	374	
0p016667	0.016667	374	
0p023333	0.023333	374	
0p03	0.03	374	
0	0	375	
0p01	0.01	375	
0p016667	0.016667	375	
0p023333	0.023333	375	
0p03	0.03	375	
0	0	376	
0p01	0.01	376	
0p016667	0.016667	376	
0p023333	0.023333	376	
0p03	0.03	376	
0	0	377	
0p01	0.01	377	
0p016667	0.016667	377	
0p023333	0.023333	377	
0p03	0.03	377	
0	0	378	
0p01	0.01	378	
0p016667	0.016667	378	
0p023333	0.023333	378	
0p03	0.03	378	
0	0	379	
0p01	0.01	379	
0p016667	0.016667	379	
0p023333	0.023333	379	
0p03	0.03	379	
0	0	380	
0p01	0.01	380	
0p016667	0.016667	380	
0p023333	0.023333	380	
0p03	0.03	380	
0	0	381	
0p01	0.01	381	
0p016667	0.016667	381	
0p023333	0.023333	381	
0p03	0.03	381	
0	0	382	
0p01	0.01	382	
0p016667	0.016667	382	
0p023333	0.023333	382	
0p03	0.03	382	
0	0	383	
0p01	0.01	383	
0p016667	0.016667	383	
0p023333	0.023333	383	
0p03	0.03	383	
0	0	384	
0p01	0.01	384	
0p016667	0.016667	384	
0p023333	0.023333	384	
0p03	0.03	384	
0	0	385	
0p01	0.01	385	
0p016667	0.016667	385	
0p023333	0.023333	385	
0p03	0.03	385	
0	0	386	
0p01	0.01	386	
0p016667	0.016667	386	
0p023333	0.023333	386	
0p03	0.03	386	
0	0	387	
0p01	0.01	387	
0p016667	0.016667	387	
0p023333	0.023333	387	
0p03	0.03	387	
0	0	388	
0p01	0.01	388	
0p016667	0.016667	388	
0p023333	0.023333	388	
0p03	0.03	388	
0	0	389	
0p01	0.01	389	
0p016667	0.016667	389	
0p023333	0.023333	389	
0p03	0.03	389	
0	0	390	
0p01	0.01	390	
0p016667	0.016667	390	
0p023333	0.023333	390	
0p03	0.03	390	
0	0	391	
0p01	0.01	391	
0p016667	0.016667	391	
0p023333	0.023333	391	
0p03	0.03	391	
0	0	392	
0p01	0.01	392	
0p016667	0.016667	392	
0p023333	0.023333	392	
0p03	0.03	392	
0	0	393	
0p01	0.01	393	
0p016667	0.016667	393	
0p023333	0.023333	393	
0p03	0.03	393	
0	0	394	
0p01	0.01	394	
0p016667	0.016667	394	
0p023333	0.023333	394	
0p03	0.03	394	
0	0	395	
0p01	0.01	395	
0p016667	0.016667	395	
0p023333	0.023333	395	
0p03	0.03	395	
0	0	396	
0p01	0.01	396	
0p016667	0.016667	396	
0p023333	0.023333	396	
0p03	0.03	396	
0	0	397	
0p01	0.01	397	
0p016667	0.016667	397	
0p023333	0.023333	397	
0p03	0.03	397	
0	0	398	
0p01	0.01	398	
0p016667	0.016667	398	
0p023333	0.023333	398	
0p03	0.03	398	
0	0	399	
0p01	0.01	399	
0p016667	0.016667	399	
0p023333	0.023333	399	
0p03	0.03	399	
0	0	400	
0p01	0.01	400	
0p016667	0.016667	400	
0p023333	0.023333	400	
0p03	0.03	400	
0	0	401	
0p01	0.01	401	
0p016667	0.016667	401	
0p023333	0.023333	401	
0p03	0.03	401	
0	0	402	
0p01	0.01	402	
0p016667	0.016667	402	
0p023333	0.023333	402	
0p03	0.03	402	
0	0	403	
0p01	0.01	403	
0p016667	0.016667	403	
0p023333	0.023333	403	
0p03	0.03	403	
0	0	404	
0p01	0.01	404	
0p016667	0.016667	404	
0p023333	0.023333	404	
0p03	0.03	404	
0	0	405	
0p01	0.01	405	
0p016667	0.016667	405	
0p023333	0.023333	405	
0p03	0.03	405	
0	0	406	
0p01	0.01	406	
0p016667	0.016667	406	
0p023333	0.023333	406	
0p03	0.03	406	
0	0	407	
0p01	0.01	407	
0p016667	0.016667	407	
0p023333	0.023333	407	
0p03	0.03	407	
0	0	408	
0p01	0.01	408	
0p016667	0.016667	408	
0p023333	0.023333	408	
0p03	0.03	408	
0	0	409	
0p01	0.01	409	
0p016667	0.016667	409	
0p023333	0.023333	409	
0p03	0.03	409	
0	0	410	
0p01	0.01	410	
0p016667	0.016667	410	
0p023333	0.023333	410	
0p03	0.03	410	
0	0	411	
0p01	0.01	411	
0p016667	0.016667	411	
0p023333	0.023333	411	
0p03	0.03	411	
0	0	412	
0p01	0.01	412	
0p016667	0.016667	412	
0p023333	0.023333	412	
0p03	0.03	412	
0	0	413	
0p01	0.01	413	
0p016667	0.016667	413	
0p023333	0.023333	413	
0p03	0.03	413	
0	0	414	
0p01	0.01	414	
0p016667	0.016667	414	
0p023333	0.023333	414	
0p03	0.03	414	
0	0	415	
0p01	0.01	415	
0p016667	0.016667	415	
0p023333	0.023333	415	
0p03	0.03	415	
0	0	416	
0p01	0.01	416	
0p016667	0.016667	416	
0p023333	0.023333	416	
0p03	0.03	416	
0	0	417	
0p01	0.01	417	
0p016667	0.016667	417	
0p023333	0.023333	417	
0p03	0.03	417	
0	0	418	
0p01	0.01	418	
0p016667	0.016667	418	
0p023333	0.023333	418	
0p03	0.03	418	
0	0	419	
0p01	0.01	419	
0p016667	0.016667	419	
0p023333	0.023333	419	
0p03	0.03	419	
0	0	420	
0p01	0.01	420	
0p016667	0.016667	420	
0p023333	0.023333	420	
0p03	0.03	420	
0	0	421	
0p01	0.01	421	
0p016667	0.016667	421	
0p023333	0.023333	421	
0p03	0.03	421	
0	0	422	
0p01	0.01	422	
0p016667	0.016667	422	
0p023333	0.023333	422	
0p03	0.03	422	
0	0	423	
0p01	0.01	423	
0p016667	0.016667	423	
0p023333	0.023333	423	
0p03	0.03	423	
0	0	424	
0p01	0.01	424	
0p016667	0.016667	424	
0p023333	0.023333	424	
0p03	0.03	424	
0	0	425	
0p01	0.01	425	
0p016667	0.016667	425	
0p023333	0.023333	425	
0p03	0.03	425	
0	0	426	
0p01	0.01	426	
0p016667	0.016667	426	
0p023333	0.023333	426	
0p03	0.03	426	
0	0	427	
0p01	0.01	427	
0p016667	0.016667	427	
0p023333	0.023333	427	
0p03	0.03	427	
0	0	428	
0p01	0.01	428	
0p016667	0.016667	428	
0p023333	0.023333	428	
0p03	0.03	428	
0	0	429	
0p01	0.01	429	
0p016667	0.016667	429	
0p023333	0.023333	429	
0p03	0.03	429	
0	0	430	
0p01	0.01	430	
0p016667	0.016667	430	
0p023333	0.023333	430	
0p03	0.03	430	
0	0	431	
0p01	0.01	431	
0p016667	0.016667	431	
0p023333	0.023333	431	
0p03	0.03	431	
0	0	432	
0p01	0.01	432	
0p016667	0.016667	432	
0p023333	0.023333	432	
0p03	0.03	432	
0	0	433	
0p01	0.01	433	
0p016667	0.016667	433	
0p023333	0.023333	433	
0p03	0.03	433	
0	0	434	
0p01	0.01	434	
0p016667	0.016667	434	
0p023333	0.023333	434	
0p03	0.03	434	
0	0	435	
0p01	0.01	435	
0p016667	0.016667	435	
0p023333	0.023333	435	
0p03	0.03	435	
0	0	436	
0p01	0.01	436	
0p016667	0.016667	436	
0p023333	0.023333	436	
0p03	0.03	436	
0	0	437	
0p01	0.01	437	
0p016667	0.016667	437	
0p023333	0.023333	437	
0p03	0.03	437	
0	0	438	
0p01	0.01	438	
0p016667	0.016667	438	
0p023333	0.023333	438	
0p03	0.03	438	
0	0	439	
0p01	0.01	439	
0p016667	0.016667	439	
0p023333	0.023333	439	
0p03	0.03	439	
0	0	440	
0p01	0.01	440	
0p016667	0.016667	440	
0p023333	0.023333	440	
0p03	0.03	440	
0	0	441	
0p01	0.01	441	
0p016667	0.016667	441	
0p023333	0.023333	441	
0p03	0.03	441	
0	0	442	
0p01	0.01	442	
0p016667	0.016667	442	
0p023333	0.023333	442	
0p03	0.03	442	
0	0	443	
0p01	0.01	443	
0p016667	0.016667	443	
0p023333	0.023333	443	
0p03	0.03	443	
0	0	444	
0p01	0.01	444	
0p016667	0.016667	444	
0p023333	0.023333	444	
0p03	0.03	444	
0	0	445	
0p01	0.01	445	
0p016667	0.016667	445	
0p023333	0.023333	445	
0p03	0.03	445	
0	0	446	
0p01	0.01	446	
0p016667	0.016667	446	
0p023333	0.023333	446	
0p03	0.03	446	
0	0	447	
0p01	0.01	447	
0p016667	0.016667	447	
0p023333	0.023333	447	
0p03	0.03	447	
0	0	448	
0p01	0.01	448	
0p016667	0.016667	448	
0p023333	0.023333	448	
0p03	0.03	448	
0	0	449	
0p01	0.01	449	
0p016667	0.016667	449	
0p023333	0.023333	449	
0p03	0.03	449	
0	0	450	
0p01	0.01	450	
0p016667	0.016667	450	
0p023333	0.023333	450	
0p03	0.03	450	
0	0	451	
0p01	0.01	451	
0p016667	0.016667	451	
0p023333	0.023333	451	
0p03	0.03	451	
0	0	452	
0p01	0.01	452	
0p016667	0.016667	452	
0p023333	0.023333	452	
0p03	0.03	452	
0	0	453	
0p01	0.01	453	
0p016667	0.016667	453	
0p023333	0.023333	453	
0p03	0.03	453	
0	0	454	
0p01	0.01	454	
0p016667	0.016667	454	
0p023333	0.023333	454	
0p03	0.03	454	
0	0	455	
0p01	0.01	455	
0p016667	0.016667	455	
0p023333	0.023333	455	
0p03	0.03	455	
0	0	456	
0p01	0.01	456	
0p016667	0.016667	456	
0p023333	0.023333	456	
0p03	0.03	456	
0	0	457	
0p01	0.01	457	
0p016667	0.016667	457	
0p023333	0.023333	457	
0p03	0.03	457	
0	0	458	
0p01	0.01	458	
0p016667	0.016667	458	
0p023333	0.023333	458	
0p03	0.03	458	
0	0	459	
0p01	0.01	459	
0p016667	0.016667	459	
0p023333	0.023333	459	
0p03	0.03	459	
0	0	460	
0p01	0.01	460	
0p016667	0.016667	460	
0p023333	0.023333	460	
0p03	0.03	460	
0	0	461	
0p01	0.01	461	
0p016667	0.016667	461	
0p023333	0.023333	461	
0p03	0.03	461	
0	0	462	
0p01	0.01	462	
0p016667	0.016667	462	
0p023333	0.023333	462	
0p03	0.03	462	
0	0	463	
0p01	0.01	463	
0p016667	0.016667	463	
0p023333	0.023333	463	
0p03	0.03	463	
0	0	464	
0p01	0.01	464	
0p016667	0.016667	464	
0p023333	0.023333	464	
0p03	0.03	464	
0	0	465	
0p01	0.01	465	
0p016667	0.016667	465	
0p023333	0.023333	465	
0p03	0.03	465	
0	0	466	
0p01	0.01	466	
0p016667	0.016667	466	
0p023333	0.023333	466	
0p03	0.03	466	
0	0	467	
0p01	0.01	467	
0p016667	0.016667	467	
0p023333	0.023333	467	
0p03	0.03	467	
0	0	468	
0p01	0.01	468	
0p016667	0.016667	468	
0p023333	0.023333	468	
0p03	0.03	468	
0	0	469	
0p01	0.01	469	
0p016667	0.016667	469	
0p023333	0.023333	469	
0p03	0.03	469	
0	0	470	
0p01	0.01	470	
0p016667	0.016667	470	
0p023333	0.023333	470	
0p03	0.03	470	
0	0	471	
0p01	0.01	471	
0p016667	0.016667	471	
0p023333	0.023333	471	
0p03	0.03	471	
0	0	472	
0p01	0.01	472	
0p016667	0.016667	472	
0p023333	0.023333	472	
0p03	0.03	472	
0	0	473	
0p01	0.01	473	
0p016667	0.016667	473	
0p023333	0.023333	473	
0p03	0.03	473	
0	0	474	
0p01	0.01	474	
0p016667	0.016667	474	
0p023333	0.023333	474	
0p03	0.03	474	
0	0	475	
0p01	0.01	475	
0p016667	0.016667	475	
0p023333	0.023333	475	
0p03	0.03	475	
0	0	476	
0p01	0.01	476	
0p016667	0.016667	476	
0p023333	0.023333	476	
0p03	0.03	476	
0	0	477	
0p01	0.01	477	
0p016667	0.016667	477	
0p023333	0.023333	477	
0p03	0.03	477	
0	0	478	
0p01	0.01	478	
0p016667	0.016667	478	
0p023333	0.023333	478	
0p03	0.03	478	
0	0	479	
0p01	0.01	479	
0p016667	0.016667	479	
0p023333	0.023333	479	
0p03	0.03	479	
0	0	480	
0p01	0.01	480	
0p016667	0.016667	480	
0p023333	0.023333	480	
0p03	0.03	480	
0	0	481	
0p01	0.01	481	
0p016667	0.016667	481	
0p023333	0.023333	481	
0p03	0.03	481	
0	0	482	
0p01	0.01	482	
0p016667	0.016667	482	
0p023333	0.023333	482	
0p03	0.03	482	
0	0	483	
0p01	0.01	483	
0p016667	0.016667	483	
0p023333	0.023333	483	
0p03	0.03	483	
0	0	484	
0p01	0.01	484	
0p016667	0.016667	484	
0p023333	0.023333	484	
0p03	0.03	484	
0	0	485	
0p01	0.01	485	
0p016667	0.016667	485	
0p023333	0.023333	485	
0p03	0.03	485	
0	0	486	
0p01	0.01	486	
0p016667	0.016667	486	
0p023333	0.023333	486	
0p03	0.03	486	
0	0	487	
0p01	0.01	487	
0p016667	0.016667	487	
0p023333	0.023333	487	
0p03	0.03	487	
0	0	488	
0p01	0.01	488	
0p016667	0.016667	488	
0p023333	0.023333	488	
0p03	0.03	488	
0	0	489	
0p01	0.01	489	
0p016667	0.016667	489	
0p023333	0.023333	489	
0p03	0.03	489	
0	0	490	
0p01	0.01	490	
0p016667	0.016667	490	
0p023333	0.023333	490	
0p03	0.03	490	
0	0	491	
0p01	0.01	491	
0p016667	0.016667	491	
0p023333	0.023333	491	
0p03	0.03	491	
0	0	492	
0p01	0.01	492	
0p016667	0.016667	492	
0p023333	0.023333	492	
0p03	0.03	492	
0	0	493	
0p01	0.01	493	
0p016667	0.016667	493	
0p023333	0.023333	493	
0p03	0.03	493	
0	0	494	
0p01	0.01	494	
0p016667	0.016667	494	
0p023333	0.023333	494	
0p03	0.03	494	
0	0	495	
0p01	0.01	495	
0p016667	0.016667	495	
0p023333	0.023333	495	
0p03	0.03	495	
0	0	496	
0p01	0.01	496	
0p016667	0.016667	496	
0p023333	0.023333	496	
0p03	0.03	496	
0	0	497	
0p01	0.01	497	
0p016667	0.016667	497	
0p023333	0.023333	497	
0p03	0.03	497	
0	0	498	
0p01	0.01	498	
0p016667	0.016667	498	
0p023333	0.023333	498	
0p03	0.03	498	
0	0	499	
0p01	0.01	499	
0p016667	0.016667	499	
0p023333	0.023333	499	
0p03	0.03	499	
