0p03	0.03	9	
0p01	0.01	10	
0p016667	0.016667	10	
0p023333	0.023333	10	
0p03	0.03	10	
0p01	0.01	11	
0p016667	0.016667	11	
0p023333	0.023333	11	
0p03	0.03	11	
0p01	0.01	12	
0p01	0.01	18	
0p016667	0.016667	18	
0p01	0.01	19	
0p016667	0.016667	19	
0p023333	0.023333	19	
0p03	0.03	19	
0	0	20	
0p01	0.01	20	
0p016667	0.016667	20	
0p023333	0.023333	20	
0p03	0.03	20	
0	0	21	
0p03	0.03	21	
0p01	0.01	22	
0p016667	0.016667	22	
0p023333	0.023333	22	
0p01	0.01	24	
0p016667	0.016667	24	
0p023333	0.023333	24	
0p03	0.03	24	
0	0	25	
0p01	0.01	25	
0p016667	0.016667	25	
0p023333	0.023333	25	
0p03	0.03	25	
0	0	26	
0p01	0.01	26	
0p016667	0.016667	26	
0p023333	0.023333	26	
0p03	0.03	26	
0	0	27	
0p01	0.01	27	
0p016667	0.016667	27	
0p023333	0.023333	27	
0p03	0.03	27	
0	0	28	
0p01	0.01	28	
0p016667	0.016667	28	
0p023333	0.023333	28	
0p03	0.03	28	
0	0	29	
0p01	0.01	29	
0p016667	0.016667	29	
0p023333	0.023333	29	
0p03	0.03	29	
0	0	30	
0p01	0.01	30	
0p016667	0.016667	30	
0p023333	0.023333	30	
0p03	0.03	30	
0	0	31	
0p01	0.01	31	
0p016667	0.016667	31	
0p023333	0.023333	31	
0p03	0.03	31	
0	0	32	
0p01	0.01	32	
0p016667	0.016667	32	
0p023333	0.023333	32	
0p03	0.03	32	
0	0	33	
0p01	0.01	33	
0p016667	0.016667	33	
0p023333	0.023333	33	
0p03	0.03	33	
0	0	34	
0p01	0.01	34	
0p016667	0.016667	34	
0p023333	0.023333	34	
0p03	0.03	34	
0	0	35	
0p01	0.01	35	
0p016667	0.016667	35	
0p023333	0.023333	35	
0p03	0.03	35	
0	0	36	
0p01	0.01	36	
0p016667	0.016667	36	
0p023333	0.023333	36	
0p03	0.03	36	
0	0	37	
0p01	0.01	37	
0p016667	0.016667	37	
0p023333	0.023333	37	
0p03	0.03	37	
0	0	38	
0p01	0.01	38	
0p016667	0.016667	38	
0p023333	0.023333	38	
0p03	0.03	38	
0	0	39	
0p01	0.01	39	
0p016667	0.016667	39	
0p023333	0.023333	39	
0p03	0.03	39	
0	0	40	
0p01	0.01	40	
0p016667	0.016667	40	
0p023333	0.023333	40	
0p03	0.03	40	
0	0	41	
0p01	0.01	41	
0p016667	0.016667	41	
0p023333	0.023333	41	
0p03	0.03	41	
0	0	42	
0p01	0.01	42	
0p016667	0.016667	42	
0p023333	0.023333	42	
0p03	0.03	42	
0	0	43	
0p01	0.01	43	
0p016667	0.016667	43	
0p023333	0.023333	43	
0p03	0.03	43	
0	0	44	
0p01	0.01	44	
0p016667	0.016667	44	
0p023333	0.023333	44	
0p03	0.03	44	
0	0	45	
0p01	0.01	45	
0p016667	0.016667	45	
0p023333	0.023333	45	
0p03	0.03	45	
0	0	46	
0p01	0.01	46	
0p016667	0.016667	46	
0p023333	0.023333	46	
0p03	0.03	46	
0	0	47	
0p01	0.01	47	
0p016667	0.016667	47	
0p023333	0.023333	47	
0p03	0.03	47	
0	0	48	
0p01	0.01	48	
0p016667	0.016667	48	
0p023333	0.023333	48	
0p03	0.03	48	
0	0	49	
0p01	0.01	49	
0p016667	0.016667	49	
0p023333	0.023333	49	
0p03	0.03	49	
0	0	50	
0p01	0.01	50	
0p016667	0.016667	50	
0p023333	0.023333	50	
0p03	0.03	50	
0	0	51	
0p01	0.01	51	
0p016667	0.016667	51	
0p023333	0.023333	51	
0p03	0.03	51	
0	0	52	
0p01	0.01	52	
0p016667	0.016667	52	
0p023333	0.023333	52	
0p03	0.03	52	
0	0	53	
0p01	0.01	53	
0p016667	0.016667	53	
0p023333	0.023333	53	
0p03	0.03	53	
0	0	54	
0p01	0.01	54	
0p016667	0.016667	54	
0p023333	0.023333	54	
0p03	0.03	54	
0	0	55	
0p01	0.01	55	
0p016667	0.016667	55	
0p023333	0.023333	55	
0p03	0.03	55	
0	0	56	
0p01	0.01	56	
0p016667	0.016667	56	
0p023333	0.023333	56	
0p03	0.03	56	
0	0	57	
0p01	0.01	57	
0p016667	0.016667	57	
0p023333	0.023333	57	
0p03	0.03	57	
0	0	58	
0p01	0.01	58	
0p016667	0.016667	58	
0p023333	0.023333	58	
0p03	0.03	58	
0	0	59	
0p01	0.01	59	
0p016667	0.016667	59	
0p023333	0.023333	59	
0p03	0.03	59	
0	0	60	
0p01	0.01	60	
0p016667	0.016667	60	
0p023333	0.023333	60	
0p03	0.03	60	
0	0	61	
0p01	0.01	61	
0p016667	0.016667	61	
0p023333	0.023333	61	
0p03	0.03	61	
0	0	62	
0p01	0.01	62	
0p016667	0.016667	62	
0p023333	0.023333	62	
0p03	0.03	62	
0	0	63	
0p01	0.01	63	
0p016667	0.016667	63	
0p023333	0.023333	63	
0p03	0.03	63	
0	0	64	
0p01	0.01	64	
0p016667	0.016667	64	
0p023333	0.023333	64	
0p03	0.03	64	
0	0	65	
0p01	0.01	65	
0p016667	0.016667	65	
0p023333	0.023333	65	
0p03	0.03	65	
0	0	66	
0p01	0.01	66	
0p016667	0.016667	66	
0p023333	0.023333	66	
0p03	0.03	66	
0	0	67	
0p01	0.01	67	
0p016667	0.016667	67	
0p023333	0.023333	67	
0p03	0.03	67	
0	0	68	
0p01	0.01	68	
0p016667	0.016667	68	
0p023333	0.023333	68	
0p03	0.03	68	
0	0	69	
0p01	0.01	69	
0p016667	0.016667	69	
0p023333	0.023333	69	
0p03	0.03	69	
0	0	70	
0p01	0.01	70	
0p016667	0.016667	70	
0p023333	0.023333	70	
0p03	0.03	70	
0	0	71	
0p01	0.01	71	
0p016667	0.016667	71	
0p023333	0.023333	71	
0p03	0.03	71	
0	0	72	
0p01	0.01	72	
0p016667	0.016667	72	
0p023333	0.023333	72	
0p03	0.03	72	
0	0	73	
0p01	0.01	73	
0p016667	0.016667	73	
0p023333	0.023333	73	
0p03	0.03	73	
0	0	74	
0p01	0.01	74	
0p016667	0.016667	74	
0p023333	0.023333	74	
0p03	0.03	74	
0	0	75	
0p01	0.01	75	
0p016667	0.016667	75	
0p023333	0.023333	75	
0p03	0.03	75	
0	0	76	
0p01	0.01	76	
0p016667	0.016667	76	
0p023333	0.023333	76	
0p03	0.03	76	
0	0	77	
0p01	0.01	77	
0p016667	0.016667	77	
0p023333	0.023333	77	
0p03	0.03	77	
0	0	78	
0p01	0.01	78	
0p016667	0.016667	78	
0p023333	0.023333	78	
0p03	0.03	78	
0	0	79	
0p01	0.01	79	
0p016667	0.016667	79	
0p023333	0.023333	79	
0p03	0.03	79	
0	0	80	
0p01	0.01	80	
0p016667	0.016667	80	
0p023333	0.023333	80	
0p03	0.03	80	
0	0	81	
0p01	0.01	81	
0p016667	0.016667	81	
0p023333	0.023333	81	
0p03	0.03	81	
0	0	82	
0p01	0.01	82	
0p016667	0.016667	82	
0p023333	0.023333	82	
0p03	0.03	82	
0	0	83	
0p01	0.01	83	
0p016667	0.016667	83	
0p023333	0.023333	83	
0p03	0.03	83	
0	0	84	
0p01	0.01	84	
0p016667	0.016667	84	
0p023333	0.023333	84	
0p03	0.03	84	
0	0	85	
0p01	0.01	85	
0p016667	0.016667	85	
0p023333	0.023333	85	
0p03	0.03	85	
0	0	86	
0p01	0.01	86	
0p016667	0.016667	86	
0p023333	0.023333	86	
0p03	0.03	86	
0	0	87	
0p01	0.01	87	
0p016667	0.016667	87	
0p023333	0.023333	87	
0p03	0.03	87	
0	0	88	
0p01	0.01	88	
0p016667	0.016667	88	
0p023333	0.023333	88	
0p03	0.03	88	
0	0	89	
0p01	0.01	89	
0p016667	0.016667	89	
0p023333	0.023333	89	
0p03	0.03	89	
0	0	90	
0p01	0.01	90	
0p016667	0.016667	90	
0p023333	0.023333	90	
0p03	0.03	90	
0	0	91	
0p01	0.01	91	
0p016667	0.016667	91	
0p023333	0.023333	91	
0p03	0.03	91	
0	0	92	
0p01	0.01	92	
0p016667	0.016667	92	
0p023333	0.023333	92	
0p03	0.03	92	
0	0	93	
0p01	0.01	93	
0p016667	0.016667	93	
0p023333	0.023333	93	
0p03	0.03	93	
0	0	94	
0p01	0.01	94	
0p016667	0.016667	94	
0p023333	0.023333	94	
0p03	0.03	94	
0	0	95	
0p01	0.01	95	
0p016667	0.016667	95	
0p023333	0.023333	95	
0p03	0.03	95	
0	0	96	
0p01	0.01	96	
0p016667	0.016667	96	
0p023333	0.023333	96	
0p03	0.03	96	
0	0	97	
0p01	0.01	97	
0p016667	0.016667	97	
0p023333	0.023333	97	
0p03	0.03	97	
0	0	98	
0p01	0.01	98	
0p016667	0.016667	98	
0p023333	0.023333	98	
0p03	0.03	98	
0	0	99	
0p01	0.01	99	
0p016667	0.016667	99	
0p023333	0.023333	99	
0p03	0.03	99	
0	0	100	
0p01	0.01	100	
0p016667	0.016667	100	
0p023333	0.023333	100	
0p03	0.03	100	
0	0	101	
0p01	0.01	101	
0p016667	0.016667	101	
0p023333	0.023333	101	
0p03	0.03	101	
0	0	102	
0p01	0.01	102	
0p016667	0.016667	102	
0p023333	0.023333	102	
0p03	0.03	102	
0	0	103	
0p01	0.01	103	
0p016667	0.016667	103	
0p023333	0.023333	103	
0p03	0.03	103	
0	0	104	
0p01	0.01	104	
0p016667	0.016667	104	
0p023333	0.023333	104	
0p03	0.03	104	
0	0	105	
0p01	0.01	105	
0p016667	0.016667	105	
0p023333	0.023333	105	
0p03	0.03	105	
0	0	106	
0p01	0.01	106	
0p016667	0.016667	106	
0p023333	0.023333	106	
0p03	0.03	106	
0	0	107	
0p01	0.01	107	
0p016667	0.016667	107	
0p023333	0.023333	107	
0p03	0.03	107	
0	0	108	
0p01	0.01	108	
0p016667	0.016667	108	
0p023333	0.023333	108	
0p03	0.03	108	
0	0	109	
0p01	0.01	109	
0p016667	0.016667	109	
0p023333	0.023333	109	
0p03	0.03	109	
0	0	110	
0p01	0.01	110	
0p016667	0.016667	110	
0p023333	0.023333	110	
0p03	0.03	110	
0	0	111	
0p01	0.01	111	
0p016667	0.016667	111	
0p023333	0.023333	111	
0p03	0.03	111	
0	0	112	
0p01	0.01	112	
0p016667	0.016667	112	
0p023333	0.023333	112	
0p03	0.03	112	
0	0	113	
0p01	0.01	113	
0p016667	0.016667	113	
0p023333	0.023333	113	
0p03	0.03	113	
0	0	114	
0p01	0.01	114	
0p016667	0.016667	114	
0p023333	0.023333	114	
0p03	0.03	114	
0	0	115	
0p01	0.01	115	
0p016667	0.016667	115	
0p023333	0.023333	115	
0p03	0.03	115	
0	0	116	
0p01	0.01	116	
0p016667	0.016667	116	
0p023333	0.023333	116	
0p03	0.03	116	
0	0	117	
0p01	0.01	117	
0p016667	0.016667	117	
0p023333	0.023333	117	
0p03	0.03	117	
0	0	118	
0p01	0.01	118	
0p016667	0.016667	118	
0p023333	0.023333	118	
0p03	0.03	118	
0	0	119	
0p01	0.01	119	
0p016667	0.016667	119	
0p023333	0.023333	119	
0p03	0.03	119	
0	0	120	
0p01	0.01	120	
0p016667	0.016667	120	
0p023333	0.023333	120	
0p03	0.03	120	
0	0	121	
0p01	0.01	121	
0p016667	0.016667	121	
0p023333	0.023333	121	
0p03	0.03	121	
0	0	122	
0p01	0.01	122	
0p016667	0.016667	122	
0p023333	0.023333	122	
0p03	0.03	122	
0	0	123	
0p01	0.01	123	
0p016667	0.016667	123	
0p023333	0.023333	123	
0p03	0.03	123	
0	0	124	
0p01	0.01	124	
0p016667	0.016667	124	
0p023333	0.023333	124	
0p03	0.03	124	
0	0	125	
0p01	0.01	125	
0p016667	0.016667	125	
0p023333	0.023333	125	
0p03	0.03	125	
0	0	126	
0p01	0.01	126	
0p016667	0.016667	126	
0p023333	0.023333	126	
0p03	0.03	126	
0	0	127	
0p01	0.01	127	
0p016667	0.016667	127	
0p023333	0.023333	127	
0p03	0.03	127	
0	0	128	
0p01	0.01	128	
0p016667	0.016667	128	
0p023333	0.023333	128	
0p03	0.03	128	
0	0	129	
0p01	0.01	129	
0p016667	0.016667	129	
0p023333	0.023333	129	
0p03	0.03	129	
0	0	130	
0p01	0.01	130	
0p016667	0.016667	130	
0p023333	0.023333	130	
0p03	0.03	130	
0	0	131	
0p01	0.01	131	
0p016667	0.016667	131	
0p023333	0.023333	131	
0p03	0.03	131	
0	0	132	
0p01	0.01	132	
0p016667	0.016667	132	
0p023333	0.023333	132	
0p03	0.03	132	
0	0	133	
0p01	0.01	133	
0p016667	0.016667	133	
0p023333	0.023333	133	
0p03	0.03	133	
0	0	134	
0p01	0.01	134	
0p016667	0.016667	134	
0p023333	0.023333	134	
0p03	0.03	134	
0	0	135	
0p01	0.01	135	
0p016667	0.016667	135	
0p023333	0.023333	135	
0p03	0.03	135	
0	0	136	
0p01	0.01	136	
0p016667	0.016667	136	
0p023333	0.023333	136	
0p03	0.03	136	
0	0	137	
0p01	0.01	137	
0p016667	0.016667	137	
0p023333	0.023333	137	
0p03	0.03	137	
0	0	138	
0p01	0.01	138	
0p016667	0.016667	138	
0p023333	0.023333	138	
0p03	0.03	138	
0	0	139	
0p01	0.01	139	
0p016667	0.016667	139	
0p023333	0.023333	139	
0p03	0.03	139	
0	0	140	
0p01	0.01	140	
0p016667	0.016667	140	
0p023333	0.023333	140	
0p03	0.03	140	
0	0	141	
0p01	0.01	141	
0p016667	0.016667	141	
0p023333	0.023333	141	
0p03	0.03	141	
0	0	142	
0p01	0.01	142	
0p016667	0.016667	142	
0p023333	0.023333	142	
0p03	0.03	142	
0	0	143	
0p01	0.01	143	
0p016667	0.016667	143	
0p023333	0.023333	143	
0p03	0.03	143	
0	0	144	
0p01	0.01	144	
0p016667	0.016667	144	
0p023333	0.023333	144	
0p03	0.03	144	
0	0	145	
0p01	0.01	145	
0p016667	0.016667	145	
0p023333	0.023333	145	
0p03	0.03	145	
0	0	146	
0p01	0.01	146	
0p016667	0.016667	146	
0p023333	0.023333	146	
0p03	0.03	146	
0	0	147	
0p01	0.01	147	
0p016667	0.016667	147	
0p023333	0.023333	147	
0p03	0.03	147	
0	0	148	
0p01	0.01	148	
0p016667	0.016667	148	
0p023333	0.023333	148	
0p03	0.03	148	
0	0	149	
0p01	0.01	149	
0p016667	0.016667	149	
0p023333	0.023333	149	
0p03	0.03	149	
0	0	150	
0p01	0.01	150	
0p016667	0.016667	150	
0p023333	0.023333	150	
0p03	0.03	150	
0	0	151	
0p01	0.01	151	
0p016667	0.016667	151	
0p023333	0.023333	151	
0p03	0.03	151	
0	0	152	
0p01	0.01	152	
0p016667	0.016667	152	
0p023333	0.023333	152	
0p03	0.03	152	
0	0	153	
0p01	0.01	153	
0p016667	0.016667	153	
0p023333	0.023333	153	
0p03	0.03	153	
0	0	154	
0p01	0.01	154	
0p016667	0.016667	154	
0p023333	0.023333	154	
0p03	0.03	154	
0	0	155	
0p01	0.01	155	
0p016667	0.016667	155	
0p023333	0.023333	155	
0p03	0.03	155	
0	0	156	
0p01	0.01	156	
0p016667	0.016667	156	
0p023333	0.023333	156	
0p03	0.03	156	
0	0	157	
0p01	0.01	157	
0p016667	0.016667	157	
0p023333	0.023333	157	
0p03	0.03	157	
0	0	158	
0p01	0.01	158	
0p016667	0.016667	158	
0p023333	0.023333	158	
0p03	0.03	158	
0	0	159	
0p01	0.01	159	
0p016667	0.016667	159	
0p023333	0.023333	159	
0p03	0.03	159	
0	0	160	
0p01	0.01	160	
0p016667	0.016667	160	
0p023333	0.023333	160	
0p03	0.03	160	
0	0	161	
0p01	0.01	161	
0p016667	0.016667	161	
0p023333	0.023333	161	
0p03	0.03	161	
0	0	162	
0p01	0.01	162	
0p016667	0.016667	162	
0p023333	0.023333	162	
0p03	0.03	162	
0	0	163	
0p01	0.01	163	
0p016667	0.016667	163	
0p023333	0.023333	163	
0p03	0.03	163	
0	0	164	
0p01	0.01	164	
0p016667	0.016667	164	
0p023333	0.023333	164	
0p03	0.03	164	
0	0	165	
0p01	0.01	165	
0p016667	0.016667	165	
0p023333	0.023333	165	
0p03	0.03	165	
0	0	166	
0p01	0.01	166	
0p016667	0.016667	166	
0p023333	0.023333	166	
0p03	0.03	166	
0	0	167	
0p01	0.01	167	
0p016667	0.016667	167	
0p023333	0.023333	167	
0p03	0.03	167	
0	0	168	
0p01	0.01	168	
0p016667	0.016667	168	
0p023333	0.023333	168	
0p03	0.03	168	
0	0	169	
0p01	0.01	169	
0p016667	0.016667	169	
0p023333	0.023333	169	
0p03	0.03	169	
0	0	170	
0p01	0.01	170	
0p016667	0.016667	170	
0p023333	0.023333	170	
0p03	0.03	170	
0	0	171	
0p01	0.01	171	
0p016667	0.016667	171	
0p023333	0.023333	171	
0p03	0.03	171	
0	0	172	
0p01	0.01	172	
0p016667	0.016667	172	
0p023333	0.023333	172	
0p03	0.03	172	
0	0	173	
0p01	0.01	173	
0p016667	0.016667	173	
0p023333	0.023333	173	
0p03	0.03	173	
0	0	174	
0p01	0.01	174	
0p016667	0.016667	174	
0p023333	0.023333	174	
0p03	0.03	174	
0	0	175	
0p01	0.01	175	
0p016667	0.016667	175	
0p023333	0.023333	175	
0p03	0.03	175	
0	0	176	
0p01	0.01	176	
0p016667	0.016667	176	
0p023333	0.023333	176	
0p03	0.03	176	
0	0	177	
0p01	0.01	177	
0p016667	0.016667	177	
0p023333	0.023333	177	
0p03	0.03	177	
0	0	178	
0p01	0.01	178	
0p016667	0.016667	178	
0p023333	0.023333	178	
0p03	0.03	178	
0	0	179	
0p01	0.01	179	
0p016667	0.016667	179	
0p023333	0.023333	179	
0p03	0.03	179	
0	0	180	
0p01	0.01	180	
0p016667	0.016667	180	
0p023333	0.023333	180	
0p03	0.03	180	
0	0	181	
0p01	0.01	181	
0p016667	0.016667	181	
0p023333	0.023333	181	
0p03	0.03	181	
0	0	182	
0p01	0.01	182	
0p016667	0.016667	182	
0p023333	0.023333	182	
0p03	0.03	182	
0	0	183	
0p01	0.01	183	
0p016667	0.016667	183	
0p023333	0.023333	183	
0p03	0.03	183	
0	0	184	
0p01	0.01	184	
0p016667	0.016667	184	
0p023333	0.023333	184	
0p03	0.03	184	
0	0	185	
0p01	0.01	185	
0p016667	0.016667	185	
0p023333	0.023333	185	
0p03	0.03	185	
0	0	186	
0p01	0.01	186	
0p016667	0.016667	186	
0p023333	0.023333	186	
0p03	0.03	186	
0	0	187	
0p01	0.01	187	
0p016667	0.016667	187	
0p023333	0.023333	187	
0p03	0.03	187	
0	0	188	
0p01	0.01	188	
0p016667	0.016667	188	
0p023333	0.023333	188	
0p03	0.03	188	
0	0	189	
0p01	0.01	189	
0p016667	0.016667	189	
0p023333	0.023333	189	
0p03	0.03	189	
0	0	190	
0p01	0.01	190	
0p016667	0.016667	190	
0p023333	0.023333	190	
0p03	0.03	190	
0	0	191	
0p01	0.01	191	
0p016667	0.016667	191	
0p023333	0.023333	191	
0p03	0.03	191	
0	0	192	
0p01	0.01	192	
0p016667	0.016667	192	
0p023333	0.023333	192	
0p03	0.03	192	
0	0	193	
0p01	0.01	193	
0p016667	0.016667	193	
0p023333	0.023333	193	
0p03	0.03	193	
0	0	194	
0p01	0.01	194	
0p016667	0.016667	194	
0p023333	0.023333	194	
0p03	0.03	194	
0	0	195	
0p01	0.01	195	
0p016667	0.016667	195	
0p023333	0.023333	195	
0p03	0.03	195	
0	0	196	
0p01	0.01	196	
0p016667	0.016667	196	
0p023333	0.023333	196	
0p03	0.03	196	
0	0	197	
0p01	0.01	197	
0p016667	0.016667	197	
0p023333	0.023333	197	
0p03	0.03	197	
0	0	198	
0p01	0.01	198	
0p016667	0.016667	198	
0p023333	0.023333	198	
0p03	0.03	198	
0	0	199	
0p01	0.01	199	
0p016667	0.016667	199	
0p023333	0.023333	199	
0p03	0.03	199	
0	0	200	
0p01	0.01	200	
0p016667	0.016667	200	
0p023333	0.023333	200	
0p03	0.03	200	
0	0	201	
0p01	0.01	201	
0p016667	0.016667	201	
0p023333	0.023333	201	
0p03	0.03	201	
0	0	202	
0p01	0.01	202	
0p016667	0.016667	202	
0p023333	0.023333	202	
0p03	0.03	202	
0	0	203	
0p01	0.01	203	
0p016667	0.016667	203	
0p023333	0.023333	203	
0p03	0.03	203	
0	0	204	
0p01	0.01	204	
0p016667	0.016667	204	
0p023333	0.023333	204	
0p03	0.03	204	
0	0	205	
0p01	0.01	205	
0p016667	0.016667	205	
0p023333	0.023333	205	
0p03	0.03	205	
0	0	206	
0p01	0.01	206	
0p016667	0.016667	206	
0p023333	0.023333	206	
0p03	0.03	206	
0	0	207	
0p01	0.01	207	
0p016667	0.016667	207	
0p023333	0.023333	207	
0p03	0.03	207	
0	0	208	
0p01	0.01	208	
0p016667	0.016667	208	
0p023333	0.023333	208	
0p03	0.03	208	
0	0	209	
0p01	0.01	209	
0p016667	0.016667	209	
0p023333	0.023333	209	
0p03	0.03	209	
0	0	210	
0p01	0.01	210	
0p016667	0.016667	210	
0p023333	0.023333	210	
0p03	0.03	210	
0	0	211	
0p01	0.01	211	
0p016667	0.016667	211	
0p023333	0.023333	211	
0p03	0.03	211	
0	0	212	
0p01	0.01	212	
0p016667	0.016667	212	
0p023333	0.023333	212	
0p03	0.03	212	
0	0	213	
0p01	0.01	213	
0p016667	0.016667	213	
0p023333	0.023333	213	
0p03	0.03	213	
0	0	214	
0p01	0.01	214	
0p016667	0.016667	214	
0p023333	0.023333	214	
0p03	0.03	214	
0	0	215	
0p01	0.01	215	
0p016667	0.016667	215	
0p023333	0.023333	215	
0p03	0.03	215	
0	0	216	
0p01	0.01	216	
0p016667	0.016667	216	
0p023333	0.023333	216	
0p03	0.03	216	
0	0	217	
0p01	0.01	217	
0p016667	0.016667	217	
0p023333	0.023333	217	
0p03	0.03	217	
0	0	218	
0p01	0.01	218	
0p016667	0.016667	218	
0p023333	0.023333	218	
0p03	0.03	218	
0	0	219	
0p01	0.01	219	
0p016667	0.016667	219	
0p023333	0.023333	219	
0p03	0.03	219	
0	0	220	
0p01	0.01	220	
0p016667	0.016667	220	
0p023333	0.023333	220	
0p03	0.03	220	
0	0	221	
0p01	0.01	221	
0p016667	0.016667	221	
0p023333	0.023333	221	
0p03	0.03	221	
0	0	222	
0p01	0.01	222	
0p016667	0.016667	222	
0p023333	0.023333	222	
0p03	0.03	222	
0	0	223	
0p01	0.01	223	
0p016667	0.016667	223	
0p023333	0.023333	223	
0p03	0.03	223	
0	0	224	
0p01	0.01	224	
0p016667	0.016667	224	
0p023333	0.023333	224	
0p03	0.03	224	
0	0	225	
0p01	0.01	225	
0p016667	0.016667	225	
0p023333	0.023333	225	
0p03	0.03	225	
0	0	226	
0p01	0.01	226	
0p016667	0.016667	226	
0p023333	0.023333	226	
0p03	0.03	226	
0	0	227	
0p01	0.01	227	
0p016667	0.016667	227	
0p023333	0.023333	227	
0p03	0.03	227	
0	0	228	
0p01	0.01	228	
0p016667	0.016667	228	
0p023333	0.023333	228	
0p03	0.03	228	
0	0	229	
0p01	0.01	229	
0p016667	0.016667	229	
0p023333	0.023333	229	
0p03	0.03	229	
0	0	230	
0p01	0.01	230	
0p016667	0.016667	230	
0p023333	0.023333	230	
0p03	0.03	230	
0	0	231	
0p01	0.01	231	
0p016667	0.016667	231	
0p023333	0.023333	231	
0p03	0.03	231	
0	0	232	
0p01	0.01	232	
0p016667	0.016667	232	
0p023333	0.023333	232	
0p03	0.03	232	
0	0	233	
0p01	0.01	233	
0p016667	0.016667	233	
0p023333	0.023333	233	
0p03	0.03	233	
0	0	234	
0p01	0.01	234	
0p016667	0.016667	234	
0p023333	0.023333	234	
0p03	0.03	234	
0	0	235	
0p01	0.01	235	
0p016667	0.016667	235	
0p023333	0.023333	235	
0p03	0.03	235	
0	0	236	
0p01	0.01	236	
0p016667	0.016667	236	
0p023333	0.023333	236	
0p03	0.03	236	
0	0	237	
0p01	0.01	237	
0p016667	0.016667	237	
0p023333	0.023333	237	
0p03	0.03	237	
0	0	238	
0p01	0.01	238	
0p016667	0.016667	238	
0p023333	0.023333	238	
0p03	0.03	238	
0	0	239	
0p01	0.01	239	
0p016667	0.016667	239	
0p023333	0.023333	239	
0p03	0.03	239	
0	0	240	
0p01	0.01	240	
0p016667	0.016667	240	
0p023333	0.023333	240	
0p03	0.03	240	
0	0	241	
0p01	0.01	241	
0p016667	0.016667	241	
0p023333	0.023333	241	
0p03	0.03	241	
0	0	242	
0p01	0.01	242	
0p016667	0.016667	242	
0p023333	0.023333	242	
0p03	0.03	242	
0	0	243	
0p01	0.01	243	
0p016667	0.016667	243	
0p023333	0.023333	243	
0p03	0.03	243	
0	0	244	
0p01	0.01	244	
0p016667	0.016667	244	
0p023333	0.023333	244	
0p03	0.03	244	
0	0	245	
0p01	0.01	245	
0p016667	0.016667	245	
0p023333	0.023333	245	
0p03	0.03	245	
0	0	246	
0p01	0.01	246	
0p016667	0.016667	246	
0p023333	0.023333	246	
0p03	0.03	246	
0	0	247	
0p01	0.01	247	
0p016667	0.016667	247	
0p023333	0.023333	247	
0p03	0.03	247	
0	0	248	
0p01	0.01	248	
0p016667	0.016667	248	
0p023333	0.023333	248	
0p03	0.03	248	
0	0	249	
0p01	0.01	249	
0p016667	0.016667	249	
0p023333	0.023333	249	
0p03	0.03	249	
0	0	250	
0p01	0.01	250	
0p016667	0.016667	250	
0p023333	0.023333	250	
0p03	0.03	250	
0	0	251	
0p01	0.01	251	
0p016667	0.016667	251	
0p023333	0.023333	251	
0p03	0.03	251	
0	0	252	
0p01	0.01	252	
0p016667	0.016667	252	
0p023333	0.023333	252	
0p03	0.03	252	
0	0	253	
0p01	0.01	253	
0p016667	0.016667	253	
0p023333	0.023333	253	
0p03	0.03	253	
0	0	254	
0p01	0.01	254	
0p016667	0.016667	254	
0p023333	0.023333	254	
