0	0	60	61
0p01	0.01	60	61
0p016667	0.016667	60	61
0p023333	0.023333	59	60
0p03	0.03	59	60
0	0	62	63
0p01	0.01	62	63
0p016667	0.016667	62	63
0p023333	0.023333	61	62
0p03	0.03	61	62
0	0	64	65
0p01	0.01	64	65
0p016667	0.016667	64	65
0p023333	0.023333	63	64
0p03	0.03	63	64
0	0	66	67
0p01	0.01	66	67
0p016667	0.016667	66	67
0p023333	0.023333	65	66
0p03	0.03	65	66
0	0	68	69
0p01	0.01	68	69
0p016667	0.016667	68	69
0p023333	0.023333	67	68
0p03	0.03	67	68
0	0	70	71
0p01	0.01	70	71
0p016667	0.016667	70	71
0p023333	0.023333	69	70
0p03	0.03	69	70
0	0	72	73
0p01	0.01	72	73
0p016667	0.016667	72	73
0p023333	0.023333	71	72
0p03	0.03	71	72
0	0	74	75
0p01	0.01	74	75
0p016667	0.016667	74	75
0p023333	0.023333	73	74
0p03	0.03	73	74
0	0	76	77
0p01	0.01	76	77
0p016667	0.016667	76	77
0p023333	0.023333	75	76
0p03	0.03	75	76
0	0	78	79
0p01	0.01	78	79
0p016667	0.016667	78	79
0p023333	0.023333	77	78
0p03	0.03	77	78
0	0	80	81
0p01	0.01	80	81
0p016667	0.016667	80	81
0p023333	0.023333	79	80
0p03	0.03	79	80
0	0	82	83
0p01	0.01	82	83
0p016667	0.016667	82	83
0p023333	0.023333	81	82
0p03	0.03	81	82
0	0	84	85
0p01	0.01	84	85
0p016667	0.016667	84	85
0p023333	0.023333	83	84
0p03	0.03	83	84
0	0	86	87
0p01	0.01	86	87
0p016667	0.016667	86	87
0p023333	0.023333	85	86
0p03	0.03	85	86
0	0	88	89
0p01	0.01	88	89
0p016667	0.016667	88	89
0p023333	0.023333	87	88
0p03	0.03	87	88
0	0	90	91
0p01	0.01	90	91
0p016667	0.016667	90	91
0p023333	0.023333	89	90
0p03	0.03	89	90
0	0	92	93
0p01	0.01	92	93
0p016667	0.016667	92	93
0p023333	0.023333	91	92
0p03	0.03	91	92
0	0	94	95
0p01	0.01	94	95
0p016667	0.016667	94	95
0p023333	0.023333	93	94
0p03	0.03	93	94
0	0	96	97
0p01	0.01	96	97
0p016667	0.016667	96	97
0p023333	0.023333	95	96
0p03	0.03	95	96
0	0	98	99
0p01	0.01	98	99
0p016667	0.016667	98	99
0p023333	0.023333	97	98
0p03	0.03	97	98
0	0	100	101
0p01	0.01	100	101
0p016667	0.016667	100	101
0p023333	0.023333	99	100
0p03	0.03	99	100
0	0	102	103
0p01	0.01	102	103
0p016667	0.016667	102	103
0p023333	0.023333	101	102
0p03	0.03	101	102
0	0	104	105
0p01	0.01	104	105
0p016667	0.016667	104	105
0p023333	0.023333	103	104
0p03	0.03	103	104
0	0	106	107
0p01	0.01	106	107
0p016667	0.016667	106	107
0p023333	0.023333	105	106
0p03	0.03	105	106
0	0	108	109
0p01	0.01	108	109
0p016667	0.016667	108	109
0p023333	0.023333	107	108
0p03	0.03	107	108
0	0	110	111
0p01	0.01	110	111
0p016667	0.016667	110	111
0p023333	0.023333	109	110
0p03	0.03	109	110
0	0	112	113
0p01	0.01	112	113
0p016667	0.016667	112	113
0p023333	0.023333	111	112
0p03	0.03	111	112
0	0	114	115
0p01	0.01	114	115
0p016667	0.016667	114	115
0p023333	0.023333	113	114
0p03	0.03	113	114
0	0	116	117
0p01	0.01	116	117
0p016667	0.016667	116	117
0p023333	0.023333	115	116
0p03	0.03	115	116
0	0	118	119
0p01	0.01	118	119
0p016667	0.016667	118	119
0p023333	0.023333	117	118
0p03	0.03	117	118
0	0	120	121
0p01	0.01	120	121
0p016667	0.016667	120	121
0p023333	0.023333	119	120
0p03	0.03	119	120
0	0	122	123
0p01	0.01	122	123
0p016667	0.016667	122	123
0p023333	0.023333	121	122
0p03	0.03	121	122
0	0	124	125
0p01	0.01	124	125
0p016667	0.016667	124	125
0p023333	0.023333	123	124
0p03	0.03	123	124
0	0	126	127
0p01	0.01	126	127
0p016667	0.016667	126	127
0p023333	0.023333	125	126
0p03	0.03	125	126
0	0	128	129
0p01	0.01	128	129
0p016667	0.016667	128	129
0p023333	0.023333	127	128
0p03	0.03	127	128
0	0	130	131
0p01	0.01	130	131
0p016667	0.016667	130	131
0p023333	0.023333	129	130
0p03	0.03	129	130
0	0	132	133
0p01	0.01	132	133
0p016667	0.016667	132	133
0p023333	0.023333	131	132
0p03	0.03	131	132
0	0	134	135
0p01	0.01	134	135
0p016667	0.016667	134	135
0p023333	0.023333	133	134
0p03	0.03	133	134
0	0	136	137
0p01	0.01	136	137
0p016667	0.016667	136	137
0p023333	0.023333	135	136
0p03	0.03	135	136
0	0	138	139
0p01	0.01	138	139
0p016667	0.016667	138	139
0p023333	0.023333	137	138
0p03	0.03	137	138
0	0	140	141
0p01	0.01	140	141
0p016667	0.016667	140	141
0p023333	0.023333	139	140
0p03	0.03	139	140
0	0	142	143
0p01	0.01	142	143
0p016667	0.016667	142	143
0p023333	0.023333	141	142
0p03	0.03	141	142
0	0	144	145
0p01	0.01	144	145
0p016667	0.016667	144	145
0p023333	0.023333	143	144
0p03	0.03	143	144
0	0	146	147
0p01	0.01	146	147
0p016667	0.016667	146	147
0p023333	0.023333	145	146
0p03	0.03	145	146
0	0	148	149
0p01	0.01	148	149
0p016667	0.016667	148	149
0p023333	0.023333	147	148
0p03	0.03	147	148
0	0	150	151
0p01	0.01	150	151
0p016667	0.016667	150	151
0p023333	0.023333	149	150
0p03	0.03	149	150
0	0	152	153
0p01	0.01	152	153
0p016667	0.016667	152	153
0p023333	0.023333	151	152
0p03	0.03	151	152
0	0	154	155
0p01	0.01	154	155
0p016667	0.016667	154	155
0p023333	0.023333	153	154
0p03	0.03	153	154
0	0	156	157
0p01	0.01	156	157
0p016667	0.016667	156	157
0p023333	0.023333	155	156
0p03	0.03	155	156
0	0	158	159
0p01	0.01	158	159
0p016667	0.016667	158	159
0p023333	0.023333	157	158
0p03	0.03	157	158
0	0	160	161
0p01	0.01	160	161
0p016667	0.016667	160	161
0p023333	0.023333	159	160
0p03	0.03	159	160
0	0	162	163
0p01	0.01	162	163
0p016667	0.016667	162	163
0p023333	0.023333	161	162
0p03	0.03	161	162
0	0	164	165
0p01	0.01	164	165
0p016667	0.016667	164	165
0p023333	0.023333	163	164
0p03	0.03	163	164
0	0	166	167
0p01	0.01	166	167
0p016667	0.016667	166	167
0p023333	0.023333	165	166
0p03	0.03	165	166
0	0	168	169
0p01	0.01	168	169
0p016667	0.016667	168	169
0p023333	0.023333	167	168
0p03	0.03	167	168
0	0	170	171
0p01	0.01	170	171
0p016667	0.016667	170	171
0p023333	0.023333	169	170
0p03	0.03	169	170
0	0	172	173
0p01	0.01	172	173
0p016667	0.016667	172	173
0p023333	0.023333	171	172
0p03	0.03	171	172
0	0	174	175
0p01	0.01	174	175
0p016667	0.016667	174	175
0p023333	0.023333	173	174
0p03	0.03	173	174
0	0	176	177
0p01	0.01	176	177
0p016667	0.016667	176	177
0p023333	0.023333	175	176
0p03	0.03	175	176
0	0	178	179
0p01	0.01	178	179
0p016667	0.016667	178	179
0p023333	0.023333	177	178
0p03	0.03	177	178
0	0	180	181
0p01	0.01	180	181
0p016667	0.016667	180	181
0p023333	0.023333	179	180
0p03	0.03	179	180
0	0	182	183
0p01	0.01	182	183
0p016667	0.016667	182	183
0p023333	0.023333	181	182
0p03	0.03	181	182
0	0	184	185
0p01	0.01	184	185
0p016667	0.016667	184	185
0p023333	0.023333	183	184
0p03	0.03	183	184
0	0	186	187
0p01	0.01	186	187
0p016667	0.016667	186	187
0p023333	0.023333	185	186
0p03	0.03	185	186
0	0	188	189
0p01	0.01	188	189
0p016667	0.016667	188	189
0p023333	0.023333	187	188
0p03	0.03	187	188
0	0	190	191
0p01	0.01	190	191
0p016667	0.016667	190	191
0p023333	0.023333	189	190
0p03	0.03	189	190
0	0	192	193
0p01	0.01	192	193
0p016667	0.016667	192	193
0p023333	0.023333	191	192
0p03	0.03	191	192
0	0	194	195
0p01	0.01	194	195
0p016667	0.016667	194	195
0p023333	0.023333	193	194
0p03	0.03	193	194
0	0	196	197
0p01	0.01	196	197
0p016667	0.016667	196	197
0p023333	0.023333	195	196
0p03	0.03	195	196
0	0	198	199
0p01	0.01	198	199
0p016667	0.016667	198	199
0p023333	0.023333	197	198
0p03	0.03	197	198
0	0	200	201
0p01	0.01	200	201
0p016667	0.016667	200	201
0p023333	0.023333	199	200
0p03	0.03	199	200
0	0	202	203
0p01	0.01	202	203
0p016667	0.016667	202	203
0p023333	0.023333	201	202
0p03	0.03	201	202
0	0	204	205
0p01	0.01	204	205
0p016667	0.016667	204	205
0p023333	0.023333	203	204
0p03	0.03	203	204
0	0	206	207
0p01	0.01	206	207
0p016667	0.016667	206	207
0p023333	0.023333	205	206
0p03	0.03	205	206
0	0	208	209
0p01	0.01	208	209
0p016667	0.016667	208	209
0p023333	0.023333	207	208
0p03	0.03	207	208
0	0	210	211
0p01	0.01	210	211
0p016667	0.016667	210	211
0p023333	0.023333	209	210
0p03	0.03	209	210
0	0	212	213
0p01	0.01	212	213
0p016667	0.016667	212	213
0p023333	0.023333	211	212
0p03	0.03	211	212
0	0	214	215
0p01	0.01	214	215
0p016667	0.016667	214	215
0p023333	0.023333	213	214
0p03	0.03	213	214
0	0	216	217
0p01	0.01	216	217
0p016667	0.016667	216	217
0p023333	0.023333	215	216
0p03	0.03	215	216
0	0	218	219
0p01	0.01	218	219
0p016667	0.016667	218	219
0p023333	0.023333	217	218
0p03	0.03	217	218
0	0	220	221
0p01	0.01	220	221
0p016667	0.016667	220	221
0p023333	0.023333	219	220
0p03	0.03	219	220
0	0	222	223
0p01	0.01	222	223
0p016667	0.016667	222	223
0p023333	0.023333	221	222
0p03	0.03	221	222
0	0	224	225
0p01	0.01	224	225
0p016667	0.016667	224	225
0p023333	0.023333	223	224
0p03	0.03	223	224
0	0	226	227
0p01	0.01	226	227
0p016667	0.016667	226	227
0p023333	0.023333	225	226
0p03	0.03	225	226
0	0	228	229
0p01	0.01	228	229
0p016667	0.016667	228	229
0p023333	0.023333	227	228
0p03	0.03	227	228
0	0	230	231
0p01	0.01	230	231
0p016667	0.016667	230	231
0p023333	0.023333	229	230
0p03	0.03	229	230
0	0	232	233
0p01	0.01	232	233
0p016667	0.016667	232	233
0p023333	0.023333	231	232
0p03	0.03	231	232
0	0	234	235
0p01	0.01	234	235
0p016667	0.016667	234	235
0p023333	0.023333	233	234
0p03	0.03	233	234
0	0	236	237
0p01	0.01	236	237
0p016667	0.016667	236	237
0p023333	0.023333	235	236
0p03	0.03	235	236
0	0	238	239
0p01	0.01	238	239
0p016667	0.016667	238	239
0p023333	0.023333	237	238
0p03	0.03	237	238
0	0	240	241
0p01	0.01	240	241
0p016667	0.016667	240	241
0p023333	0.023333	239	240
0p03	0.03	239	240
0	0	242	243
0p01	0.01	242	243
0p016667	0.016667	242	243
0p023333	0.023333	241	242
0p03	0.03	241	242
0	0	244	245
0p01	0.01	244	245
0p016667	0.016667	244	245
0p023333	0.023333	243	244
0p03	0.03	243	244
0	0	246	247
0p01	0.01	246	247
0p016667	0.016667	246	247
0p023333	0.023333	245	246
0p03	0.03	245	246
0	0	248	249
0p01	0.01	248	249
0p016667	0.016667	248	249
0p023333	0.023333	247	248
0p03	0.03	247	248
0	0	250	251
0p01	0.01	250	251
0p016667	0.016667	250	251
0p023333	0.023333	249	250
0p03	0.03	249	250
0	0	252	253
0p01	0.01	252	253
0p016667	0.016667	252	253
0p023333	0.023333	251	252
0p03	0.03	251	252
0	0	254	255
0p01	0.01	254	255
0p016667	0.016667	254	255
0p023333	0.023333	253	254
0p03	0.03	253	254
0	0	256	257
0p01	0.01	256	257
0p016667	0.016667	256	257
0p023333	0.023333	255	256
0p03	0.03	255	256
0	0	258	259
0p01	0.01	258	259
0p016667	0.016667	258	259
0p023333	0.023333	257	258
0p03	0.03	257	258
0	0	260	261
0p01	0.01	260	261
0p016667	0.016667	260	261
0p023333	0.023333	259	260
0p03	0.03	259	260
0	0	262	263
0p01	0.01	262	263
0p016667	0.016667	262	263
0p023333	0.023333	261	262
0p03	0.03	261	262
0	0	264	265
0p01	0.01	264	265
0p016667	0.016667	264	265
0p023333	0.023333	263	264
0p03	0.03	263	264
0	0	266	267
0p01	0.01	266	267
0p016667	0.016667	266	267
0p023333	0.023333	265	266
0p03	0.03	265	266
0	0	268	269
0p01	0.01	268	269
0p016667	0.016667	268	269
0p023333	0.023333	267	268
0p03	0.03	267	268
0	0	270	271
0p01	0.01	270	271
0p016667	0.016667	270	271
0p023333	0.023333	269	270
0p03	0.03	269	270
0	0	272	273
0p01	0.01	272	273
0p016667	0.016667	272	273
0p023333	0.023333	271	272
0p03	0.03	271	272
0	0	274	275
0p01	0.01	274	275
0p016667	0.016667	274	275
0p023333	0.023333	273	274
0p03	0.03	273	274
0	0	276	277
0p01	0.01	276	277
0p016667	0.016667	276	277
0p023333	0.023333	275	276
0p03	0.03	275	276
0	0	278	279
0p01	0.01	278	279
0p016667	0.016667	278	279
0p023333	0.023333	277	278
0p03	0.03	277	278
0	0	280	281
0p01	0.01	280	281
0p016667	0.016667	280	281
0p023333	0.023333	279	280
0p03	0.03	279	280
0	0	282	283
0p01	0.01	282	283
0p016667	0.016667	282	283
0p023333	0.023333	281	282
0p03	0.03	281	282
0	0	284	285
0p01	0.01	284	285
0p016667	0.016667	284	285
0p023333	0.023333	283	284
0p03	0.03	283	284
0	0	286	287
0p01	0.01	286	287
0p016667	0.016667	286	287
0p023333	0.023333	285	286
0p03	0.03	285	286
0	0	288	289
0p01	0.01	288	289
0p016667	0.016667	288	289
0p023333	0.023333	287	288
0p03	0.03	287	288
0	0	290	291
0p01	0.01	290	291
0p016667	0.016667	290	291
0p023333	0.023333	289	290
0p03	0.03	289	290
0	0	292	293
0p01	0.01	292	293
0p016667	0.016667	292	293
0p023333	0.023333	291	292
0p03	0.03	291	292
0	0	294	295
0p01	0.01	294	295
0p016667	0.016667	294	295
0p023333	0.023333	293	294
0p03	0.03	293	294
0	0	296	297
0p01	0.01	296	297
0p016667	0.016667	296	297
0p023333	0.023333	295	296
0p03	0.03	295	296
0	0	298	299
0p01	0.01	298	299
0p016667	0.016667	298	299
0p023333	0.023333	297	298
0p03	0.03	297	298
0	0	300	301
0p01	0.01	300	301
0p016667	0.016667	300	301
0p023333	0.023333	299	300
0p03	0.03	299	300
0	0	302	303
0p01	0.01	302	303
0p016667	0.016667	302	303
0p023333	0.023333	301	302
0p03	0.03	301	302
0	0	304	305
0p01	0.01	304	305
0p016667	0.016667	304	305
0p023333	0.023333	303	304
0p03	0.03	303	304
0	0	306	307
0p01	0.01	306	307
0p016667	0.016667	306	307
0p023333	0.023333	305	306
0p03	0.03	305	306
0	0	308	309
0p01	0.01	308	309
0p016667	0.016667	308	309
0p023333	0.023333	307	308
0p03	0.03	307	308
0	0	310	311
0p01	0.01	310	311
0p016667	0.016667	310	311
0p023333	0.023333	309	310
0p03	0.03	309	310
0	0	312	313
0p01	0.01	312	313
0p016667	0.016667	312	313
0p023333	0.023333	311	312
0p03	0.03	311	312
0	0	314	315
0p01	0.01	314	315
0p016667	0.016667	314	315
0p023333	0.023333	313	314
0p03	0.03	313	314
0	0	316	317
0p01	0.01	316	317
0p016667	0.016667	316	317
0p023333	0.023333	315	316
0p03	0.03	315	316
0	0	318	319
0p01	0.01	318	319
0p016667	0.016667	318	319
0p023333	0.023333	317	318
0p03	0.03	317	318
0	0	320	321
0p01	0.01	320	321
0p016667	0.016667	320	321
0p023333	0.023333	319	320
0p03	0.03	319	320
0	0	322	323
0p01	0.01	322	323
0p016667	0.016667	322	323
0p023333	0.023333	321	322
0p03	0.03	321	322
0	0	324	325
0p01	0.01	324	325
0p016667	0.016667	324	325
0p023333	0.023333	323	324
0p03	0.03	323	324
0	0	326	327
0p01	0.01	326	327
0p016667	0.016667	326	327
0p023333	0.023333	325	326
0p03	0.03	325	326
0	0	328	329
0p01	0.01	328	329
0p016667	0.016667	328	329
0p023333	0.023333	327	328
0p03	0.03	327	328
0	0	330	331
0p01	0.01	330	331
0p016667	0.016667	330	331
0p023333	0.023333	329	330
0p03	0.03	329	330
0	0	332	333
0p01	0.01	332	333
0p016667	0.016667	332	333
0p023333	0.023333	331	332
0p03	0.03	331	332
0	0	334	335
0p01	0.01	334	335
0p016667	0.016667	334	335
0p023333	0.023333	333	334
0p03	0.03	333	334
0	0	336	337
0p01	0.01	336	337
0p016667	0.016667	336	337
0p023333	0.023333	335	336
0p03	0.03	335	336
0	0	338	339
0p01	0.01	338	339
0p016667	0.016667	338	339
0p023333	0.023333	337	338
0p03	0.03	337	338
0	0	340	341
0p01	0.01	340	341
0p016667	0.016667	340	341
0p023333	0.023333	339	340
0p03	0.03	339	340
0	0	342	343
0p01	0.01	342	343
0p016667	0.016667	342	343
0p023333	0.023333	341	342
0p03	0.03	341	342
0	0	344	345
0p01	0.01	344	345
0p016667	0.016667	344	345
0p023333	0.023333	343	344
0p03	0.03	343	344
0	0	346	347
0p01	0.01	346	347
0p016667	0.016667	346	347
0p023333	0.023333	345	346
0p03	0.03	345	346
0	0	348	349
0p01	0.01	348	349
0p016667	0.016667	348	349
0p023333	0.023333	347	348
0p03	0.03	347	348
0	0	350	351
0p01	0.01	350	351
0p016667	0.016667	350	351
0p023333	0.023333	349	350
0p03	0.03	349	350
0	0	352	353
0p01	0.01	352	353
0p016667	0.016667	352	353
0p023333	0.023333	351	352
0p03	0.03	351	352
0	0	354	355
0p01	0.01	354	355
0p016667	0.016667	354	355
0p023333	0.023333	353	354
0p03	0.03	353	354
0	0	356	357
0p01	0.01	356	357
0p016667	0.016667	356	357
0p023333	0.023333	355	356
0p03	0.03	355	356
0	0	358	359
0p01	0.01	358	359
0p016667	0.016667	358	359
0p023333	0.023333	357	358
0p03	0.03	357	358
0	0	360	361
0p01	0.01	360	361
0p016667	0.016667	360	361
0p023333	0.023333	359	360
0p03	0.03	359	360
0	0	362	363
0p01	0.01	362	363
0p016667	0.016667	362	363
0p023333	0.023333	361	362
0p03	0.03	361	362
0	0	364	365
0p01	0.01	364	365
0p016667	0.016667	364	365
0p023333	0.023333	363	364
0p03	0.03	363	364
0	0	366	367
0p01	0.01	366	367
0p016667	0.016667	366	367
0p023333	0.023333	365	366
0p03	0.03	365	366
0	0	368	369
0p01	0.01	368	369
0p016667	0.016667	368	369
0p023333	0.023333	367	368
0p03	0.03	367	368
0	0	370	371
0p01	0.01	370	371
0p016667	0.016667	370	371
0p023333	0.023333	369	370
0p03	0.03	369	370
0	0	372	373
0p01	0.01	372	373
0p016667	0.016667	372	373
0p023333	0.023333	371	372
0p03	0.03	371	372
0	0	374	375
0p01	0.01	374	375
0p016667	0.016667	374	375
0p023333	0.023333	373	374
0p03	0.03	373	374
0	0	376	377
0p01	0.01	376	377
0p016667	0.016667	376	377
0p023333	0.023333	375	376
0p03	0.03	375	376
0	0	378	379
0p01	0.01	378	379
0p016667	0.016667	378	379
0p023333	0.023333	377	378
0p03	0.03	377	378
0	0	380	381
0p01	0.01	380	381
0p016667	0.016667	380	381
0p023333	0.023333	379	380
0p03	0.03	379	380
0	0	382	383
0p01	0.01	382	383
0p016667	0.016667	382	383
0p023333	0.023333	381	382
0p03	0.03	381	382
0	0	384	385
0p01	0.01	384	385
0p016667	0.016667	384	385
0p023333	0.023333	383	384
0p03	0.03	383	384
0	0	386	387
0p01	0.01	386	387
0p016667	0.016667	386	387
0p023333	0.023333	385	386
0p03	0.03	385	386
0	0	388	389
0p01	0.01	388	389
0p016667	0.016667	388	389
0p023333	0.023333	387	388
0p03	0.03	387	388
0	0	390	391
0p01	0.01	390	391
0p016667	0.016667	390	391
0p023333	0.023333	389	390
0p03	0.03	389	390
0	0	392	393
0p01	0.01	392	393
0p016667	0.016667	392	393
0p023333	0.023333	391	392
0p03	0.03	391	392
0	0	394	395
0p01	0.01	394	395
0p016667	0.016667	394	395
0p023333	0.023333	393	394
0p03	0.03	393	394
0	0	396	397
0p01	0.01	396	397
0p016667	0.016667	396	397
0p023333	0.023333	395	396
0p03	0.03	395	396
0	0	398	399
0p01	0.01	398	399
0p016667	0.016667	398	399
0p023333	0.023333	397	398
0p03	0.03	397	398
0	0	400	401
0p01	0.01	400	401
0p016667	0.016667	400	401
0p023333	0.023333	399	400
0p03	0.03	399	400
0	0	402	403
0p01	0.01	402	403
0p016667	0.016667	402	403
0p023333	0.023333	401	402
0p03	0.03	401	402
0	0	404	405
0p01	0.01	404	405
0p016667	0.016667	404	405
0p023333	0.023333	403	404
0p03	0.03	403	404
0	0	406	407
0p01	0.01	406	407
0p016667	0.016667	406	407
0p023333	0.023333	405	406
0p03	0.03	405	406
0	0	408	409
0p01	0.01	408	409
0p016667	0.016667	408	409
0p023333	0.023333	407	408
0p03	0.03	407	408
0	0	410	411
0p01	0.01	410	411
0p016667	0.016667	410	411
0p023333	0.023333	409	410
0p03	0.03	409	410
0	0	412	413
0p01	0.01	412	413
0p016667	0.016667	412	413
0p023333	0.023333	411	412
0p03	0.03	411	412
0	0	414	415
0p01	0.01	414	415
0p016667	0.016667	414	415
0p023333	0.023333	413	414
0p03	0.03	413	414
0	0	416	417
0p01	0.01	416	417
0p016667	0.016667	416	417
0p023333	0.023333	415	416
0p03	0.03	415	416
0	0	418	419
0p01	0.01	418	419
0p016667	0.016667	418	419
0p023333	0.023333	417	418
0p03	0.03	417	418
0	0	420	421
0p01	0.01	420	421
0p016667	0.016667	420	421
0p023333	0.023333	419	420
0p03	0.03	419	420
0	0	422	423
0p01	0.01	422	423
0p016667	0.016667	422	423
0p023333	0.023333	421	422
0p03	0.03	421	422
0	0	424	425
0p01	0.01	424	425
0p016667	0.016667	424	425
0p023333	0.023333	423	424
0p03	0.03	423	424
0	0	426	427
0p01	0.01	426	427
0p016667	0.016667	426	427
0p023333	0.023333	425	426
0p03	0.03	425	426
0	0	428	429
0p01	0.01	428	429
0p016667	0.016667	428	429
0p023333	0.023333	427	428
0p03	0.03	427	428
0	0	430	431
0p01	0.01	430	431
0p016667	0.016667	430	431
0p023333	0.023333	429	430
0p03	0.03	429	430
0	0	432	433
0p01	0.01	432	433
0p016667	0.016667	432	433
0p023333	0.023333	431	432
0p03	0.03	431	432
0	0	434	435
0p01	0.01	434	435
0p016667	0.016667	434	435
0p023333	0.023333	433	434
0p03	0.03	433	434
0	0	436	437
0p01	0.01	436	437
0p016667	0.016667	436	437
0p023333	0.023333	435	436
0p03	0.03	435	436
0	0	438	439
0p01	0.01	438	439
0p016667	0.016667	438	439
0p023333	0.023333	437	438
0p03	0.03	437	438
0	0	440	441
0p01	0.01	440	441
0p016667	0.016667	440	441
0p023333	0.023333	439	440
0p03	0.03	439	440
0	0	442	443
0p01	0.01	442	443
0p016667	0.016667	442	443
0p023333	0.023333	441	442
0p03	0.03	441	442
0	0	444	445
0p01	0.01	444	445
0p016667	0.016667	444	445
0p023333	0.023333	443	444
0p03	0.03	443	444
0	0	446	447
0p01	0.01	446	447
0p016667	0.016667	446	447
0p023333	0.023333	445	446
0p03	0.03	445	446
0	0	448	449
0p01	0.01	448	449
0p016667	0.016667	448	449
0p023333	0.023333	447	448
0p03	0.03	447	448
0	0	450	451
0p01	0.01	450	451
0p016667	0.016667	450	451
0p023333	0.023333	449	450
0p03	0.03	449	450
0	0	452	453
0p01	0.01	452	453
0p016667	0.016667	452	453
0p023333	0.023333	451	452
0p03	0.03	451	452
0	0	454	455
0p01	0.01	454	455
0p016667	0.016667	454	455
0p023333	0.023333	453	454
0p03	0.03	453	454
0	0	456	457
0p01	0.01	456	457
0p016667	0.016667	456	457
0p023333	0.023333	455	456
0p03	0.03	455	456
0	0	458	459
0p01	0.01	458	459
0p016667	0.016667	458	459
0p023333	0.023333	457	458
0p03	0.03	457	458
0	0	460	461
0p01	0.01	460	461
0p016667	0.016667	460	461
0p023333	0.023333	459	460
0p03	0.03	459	460
0	0	462	463
0p01	0.01	462	463
0p016667	0.016667	462	463
0p023333	0.023333	461	462
0p03	0.03	461	462
0	0	464	465
0p01	0.01	464	465
0p016667	0.016667	464	465
0p023333	0.023333	463	464
0p03	0.03	463	464
0	0	466	467
0p01	0.01	466	467
0p016667	0.016667	466	467
0p023333	0.023333	465	466
0p03	0.03	465	466
0	0	468	469
0p01	0.01	468	469
0p016667	0.016667	468	469
0p023333	0.023333	467	468
0p03	0.03	467	468
0	0	470	471
0p01	0.01	470	471
0p016667	0.016667	470	471
0p023333	0.023333	469	470
0p03	0.03	469	470
0	0	472	473
0p01	0.01	472	473
0p016667	0.016667	472	473
0p023333	0.023333	471	472
0p03	0.03	471	472
0	0	474	475
0p01	0.01	474	475
0p016667	0.016667	474	475
0p023333	0.023333	473	474
0p03	0.03	473	474
0	0	476	477
0p01	0.01	476	477
0p016667	0.016667	476	477
0p023333	0.023333	475	476
0p03	0.03	475	476
0	0	478	479
0p01	0.01	478	479
0p016667	0.016667	478	479
0p023333	0.023333	477	478
0p03	0.03	477	478
0	0	480	481
0p01	0.01	480	481
0p016667	0.016667	480	481
0p023333	0.023333	479	480
0p03	0.03	479	480
0	0	482	483
0p01	0.01	482	483
0p016667	0.016667	482	483
0p023333	0.023333	481	482
0p03	0.03	481	482
0	0	484	485
0p01	0.01	484	485
0p016667	0.016667	484	485
0p023333	0.023333	483	484
0p03	0.03	483	484
0	0	486	487
0p01	0.01	486	487
0p016667	0.016667	486	487
0p023333	0.023333	485	486
0p03	0.03	485	486
0	0	488	489
0p01	0.01	488	489
0p016667	0.016667	488	489
0p023333	0.023333	487	488
0p03	0.03	487	488
0	0	490	491
0p01	0.01	490	491
0p016667	0.016667	490	491
0p023333	0.023333	489	490
0p03	0.03	489	490
0	0	492	493
0p01	0.01	492	493
0p016667	0.016667	492	493
0p023333	0.023333	491	492
0p03	0.03	491	492
0	0	494	495
0p01	0.01	494	495
0p016667	0.016667	494	495
0p023333	0.023333	493	494
0p03	0.03	493	494
0	0	496	497
0p01	0.01	496	497
0p016667	0.016667	496	497
0p023333	0.023333	495	496
0p03	0.03	495	496
0	0	498	499
0p01	0.01	498	499
0p016667	0.016667	498	499
0p023333	0.023333	497	498
0p03	0.03	497	498
0	0	500	501
0p01	0.01	500	501
0p016667	0.016667	500	501
0p023333	0.023333	499	500
0p03	0.03	499	500
0	0	502	503
0p01	0.01	502	503
0p016667	0.016667	502	503
0p023333	0.023333	501	502
0p03	0.03	501	502
0	0	504	505
0p01	0.01	504	505
0p016667	0.016667	504	505
0p023333	0.023333	503	504
0p03	0.03	503	504
0	0	506	507
0p01	0.01	506	507
0p016667	0.016667	506	507
0p023333	0.023333	505	506
0p03	0.03	505	506
0	0	508	509
0p01	0.01	508	509
0p016667	0.016667	508	509
0p023333	0.023333	507	508
0p03	0.03	507	508
0	0	510	511
0p01	0.01	510	511
0p016667	0.016667	510	511
0p023333	0.023333	509	510
0p03	0.03	509	510
0	0	512	513
0p01	0.01	512	513
0p016667	0.016667	512	513
0p023333	0.023333	511	512
0p03	0.03	511	512
0	0	514	515
0p01	0.01	514	515
0p016667	0.016667	514	515
0p023333	0.023333	513	514
0p03	0.03	513	514
0	0	516	517
0p01	0.01	516	517
0p016667	0.016667	516	517
0p023333	0.023333	515	516
0p03	0.03	515	516
0	0	518	519
0p01	0.01	518	519
0p016667	0.016667	518	519
0p023333	0.023333	517	518
0p03	0.03	517	518
0	0	520	521
0p01	0.01	520	521
0p016667	0.016667	520	521
0p023333	0.023333	519	520
0p03	0.03	519	520
0	0	522	523
0p01	0.01	522	523
0p016667	0.016667	522	523
0p023333	0.023333	521	522
0p03	0.03	521	522
0	0	524	525
0p01	0.01	524	525
0p016667	0.016667	524	525
0p023333	0.023333	523	524
0p03	0.03	523	524
0	0	526	527
0p01	0.01	526	527
0p016667	0.016667	526	527
0p023333	0.023333	525	526
0p03	0.03	525	526
0	0	528	529
0p01	0.01	528	529
0p016667	0.016667	528	529
0p023333	0.023333	527	528
0p03	0.03	527	528
0	0	530	531
0p01	0.01	530	531
0p016667	0.016667	530	531
0p023333	0.023333	529	530
0p03	0.03	529	530
0	0	532	533
0p01	0.01	532	533
0p016667	0.016667	532	533
0p023333	0.023333	531	532
0p03	0.03	531	532
0	0	534	535
0p01	0.01	534	535
0p016667	0.016667	534	535
0p023333	0.023333	533	534
0p03	0.03	533	534
0	0	536	537
0p01	0.01	536	537
0p016667	0.016667	536	537
0p023333	0.023333	535	536
0p03	0.03	535	536
0	0	538	539
0p01	0.01	538	539
0p016667	0.016667	538	539
0p023333	0.023333	537	538
0p03	0.03	537	538
0	0	540	541
0p01	0.01	540	541
0p016667	0.016667	540	541
0p023333	0.023333	539	540
0p03	0.03	539	540
0	0	542	543
0p01	0.01	542	543
0p016667	0.016667	542	543
0p023333	0.023333	541	542
0p03	0.03	541	542
0	0	544	545
0p01	0.01	544	545
0p016667	0.016667	544	545
0p023333	0.023333	543	544
0p03	0.03	543	544
0	0	546	547
0p01	0.01	546	547
0p016667	0.016667	546	547
0p023333	0.023333	545	546
0p03	0.03	545	546
0	0	548	549
0p01	0.01	548	549
0p016667	0.016667	548	549
0p023333	0.023333	547	548
0p03	0.03	547	548
0	0	550	551
0p01	0.01	550	551
0p016667	0.016667	550	551
0p023333	0.023333	549	550
0p03	0.03	549	550
0	0	552	553
0p01	0.01	552	553
0p016667	0.016667	552	553
0p023333	0.023333	551	552
0p03	0.03	551	552
0	0	554	555
0p01	0.01	554	555
0p016667	0.016667	554	555
0p023333	0.023333	553	554
0p03	0.03	553	554
0	0	556	557
0p01	0.01	556	557
0p016667	0.016667	556	557
0p023333	0.023333	555	556
0p03	0.03	555	556
0	0	558	559
0p01	0.01	558	559
0p016667	0.016667	558	559
0p023333	0.023333	557	558
0p03	0.03	557	558
