0	0	60	
0p01	0.01	60	
0p016667	0.016667	60	
0p023333	0.023333	59	
0p03	0.03	59	
0	0	61	
0p01	0.01	61	
0p016667	0.016667	61	
0p023333	0.023333	60	
0p03	0.03	60	
0	0	62	
0p01	0.01	62	
0p016667	0.016667	62	
0p023333	0.023333	61	
0p03	0.03	61	
0	0	63	
0p01	0.01	63	
0p016667	0.016667	63	
0p023333	0.023333	62	
0p03	0.03	62	
0	0	64	
0p01	0.01	64	
0p016667	0.016667	64	
0p023333	0.023333	63	
0p03	0.03	63	
0	0	65	
0p01	0.01	65	
0p016667	0.016667	65	
0p023333	0.023333	64	
0p03	0.03	64	
0	0	66	
0p01	0.01	66	
0p016667	0.016667	66	
0p023333	0.023333	65	
0p03	0.03	65	
0	0	67	
0p01	0.01	67	
0p016667	0.016667	67	
0p023333	0.023333	66	
0p03	0.03	66	
0	0	68	
0p01	0.01	68	
0p016667	0.016667	68	
0p023333	0.023333	67	
0p03	0.03	67	
0	0	69	
0p01	0.01	69	
0p016667	0.016667	69	
0p023333	0.023333	68	
0p03	0.03	68	
0	0	70	
0p01	0.01	70	
0p016667	0.016667	70	
0p023333	0.023333	69	
0p03	0.03	69	
0	0	71	
0p01	0.01	71	
0p016667	0.016667	71	
0p023333	0.023333	70	
0p03	0.03	70	
0	0	72	
0p01	0.01	72	
0p016667	0.016667	72	
0p023333	0.023333	71	
0p03	0.03	71	
0	0	73	
0p01	0.01	73	
0p016667	0.016667	73	
0p023333	0.023333	72	
0p03	0.03	72	
0	0	74	
0p01	0.01	74	
0p016667	0.016667	74	
0p023333	0.023333	73	
0p03	0.03	73	
0	0	75	
0p01	0.01	75	
0p016667	0.016667	75	
0p023333	0.023333	74	
0p03	0.03	74	
0	0	76	
0p01	0.01	76	
0p016667	0.016667	76	
0p023333	0.023333	75	
0p03	0.03	75	
0	0	77	
0p01	0.01	77	
0p016667	0.016667	77	
0p023333	0.023333	76	
0p03	0.03	76	
0	0	78	
0p01	0.01	78	
0p016667	0.016667	78	
0p023333	0.023333	77	
0p03	0.03	77	
0	0	79	
0p01	0.01	79	
0p016667	0.016667	79	
0p023333	0.023333	78	
0p03	0.03	78	
0	0	80	
0p01	0.01	80	
0p016667	0.016667	80	
0p023333	0.023333	79	
0p03	0.03	79	
0	0	81	
0p01	0.01	81	
0p016667	0.016667	81	
0p023333	0.023333	80	
0p03	0.03	80	
0	0	82	
0p01	0.01	82	
0p016667	0.016667	82	
0p023333	0.023333	81	
0p03	0.03	81	
0	0	83	
0p01	0.01	83	
0p016667	0.016667	83	
0p023333	0.023333	82	
0p03	0.03	82	
0	0	84	
0p01	0.01	84	
0p016667	0.016667	84	
0p023333	0.023333	83	
0p03	0.03	83	
0	0	85	
0p01	0.01	85	
0p016667	0.016667	85	
0p023333	0.023333	84	
0p03	0.03	84	
0	0	86	
0p01	0.01	86	
0p016667	0.016667	86	
0p023333	0.023333	85	
0p03	0.03	85	
0	0	87	
0p01	0.01	87	
0p016667	0.016667	87	
0p023333	0.023333	86	
0p03	0.03	86	
0	0	88	
0p01	0.01	88	
0p016667	0.016667	88	
0p023333	0.023333	87	
0p03	0.03	87	
0	0	89	
0p01	0.01	89	
0p016667	0.016667	89	
0p023333	0.023333	88	
0p03	0.03	88	
0	0	90	
0p01	0.01	90	
0p016667	0.016667	90	
0p023333	0.023333	89	
0p03	0.03	89	
0	0	91	
0p01	0.01	91	
0p016667	0.016667	91	
0p023333	0.023333	90	
0p03	0.03	90	
0	0	92	
0p01	0.01	92	
0p016667	0.016667	92	
0p023333	0.023333	91	
0p03	0.03	91	
0	0	93	
0p01	0.01	93	
0p016667	0.016667	93	
0p023333	0.023333	92	
0p03	0.03	92	
0	0	94	
0p01	0.01	94	
0p016667	0.016667	94	
0p023333	0.023333	93	
0p03	0.03	93	
0	0	95	
0p01	0.01	95	
0p016667	0.016667	95	
0p023333	0.023333	94	
0p03	0.03	94	
0	0	96	
0p01	0.01	96	
0p016667	0.016667	96	
0p023333	0.023333	95	
0p03	0.03	95	
0	0	97	
0p01	0.01	97	
0p016667	0.016667	97	
0p023333	0.023333	96	
0p03	0.03	96	
0	0	98	
0p01	0.01	98	
0p016667	0.016667	98	
0p023333	0.023333	97	
0p03	0.03	97	
0	0	99	
0p01	0.01	99	
0p016667	0.016667	99	
0p023333	0.023333	98	
0p03	0.03	98	
0	0	100	
0p01	0.01	100	
0p016667	0.016667	100	
0p023333	0.023333	99	
0p03	0.03	99	
0	0	101	
0p01	0.01	101	
0p016667	0.016667	101	
0p023333	0.023333	100	
0p03	0.03	100	
0	0	102	
0p01	0.01	102	
0p016667	0.016667	102	
0p023333	0.023333	101	
0p03	0.03	101	
0	0	103	
0p01	0.01	103	
0p016667	0.016667	103	
0p023333	0.023333	102	
0p03	0.03	102	
0	0	104	
0p01	0.01	104	
0p016667	0.016667	104	
0p023333	0.023333	103	
0p03	0.03	103	
0	0	105	
0p01	0.01	105	
0p016667	0.016667	105	
0p023333	0.023333	104	
0p03	0.03	104	
0	0	106	
0p01	0.01	106	
0p016667	0.016667	106	
0p023333	0.023333	105	
0p03	0.03	105	
0	0	107	
0p01	0.01	107	
0p016667	0.016667	107	
0p023333	0.023333	106	
0p03	0.03	106	
0	0	108	
0p01	0.01	108	
0p016667	0.016667	108	
0p023333	0.023333	107	
0p03	0.03	107	
0	0	109	
0p01	0.01	109	
0p016667	0.016667	109	
0p023333	0.023333	108	
0p03	0.03	108	
0	0	110	
0p01	0.01	110	
0p016667	0.016667	110	
0p023333	0.023333	109	
0p03	0.03	109	
0	0	111	
0p01	0.01	111	
0p016667	0.016667	111	
0p023333	0.023333	110	
0p03	0.03	110	
0	0	112	
0p01	0.01	112	
0p016667	0.016667	112	
0p023333	0.023333	111	
0p03	0.03	111	
0	0	113	
0p01	0.01	113	
0p016667	0.016667	113	
0p023333	0.023333	112	
0p03	0.03	112	
0	0	114	
0p01	0.01	114	
0p016667	0.016667	114	
0p023333	0.023333	113	
0p03	0.03	113	
0	0	115	
0p01	0.01	115	
0p016667	0.016667	115	
0p023333	0.023333	114	
0p03	0.03	114	
0	0	116	
0p01	0.01	116	
0p016667	0.016667	116	
0p023333	0.023333	115	
0p03	0.03	115	
0	0	117	
0p01	0.01	117	
0p016667	0.016667	117	
0p023333	0.023333	116	
0p03	0.03	116	
0	0	118	
0p01	0.01	118	
0p016667	0.016667	118	
0p023333	0.023333	117	
0p03	0.03	117	
0	0	119	
0p01	0.01	119	
0p016667	0.016667	119	
0p023333	0.023333	118	
0p03	0.03	118	
0	0	120	
0p01	0.01	120	
0p016667	0.016667	120	
0p023333	0.023333	119	
0p03	0.03	119	
0	0	121	
0p01	0.01	121	
0p016667	0.016667	121	
0p023333	0.023333	120	
0p03	0.03	120	
0	0	122	
0p01	0.01	122	
0p016667	0.016667	122	
0p023333	0.023333	121	
0p03	0.03	121	
0	0	123	
0p01	0.01	123	
0p016667	0.016667	123	
0p023333	0.023333	122	
0p03	0.03	122	
0	0	124	
0p01	0.01	124	
0p016667	0.016667	124	
0p023333	0.023333	123	
0p03	0.03	123	
0	0	125	
0p01	0.01	125	
0p016667	0.016667	125	
0p023333	0.023333	124	
0p03	0.03	124	
0	0	126	
0p01	0.01	126	
0p016667	0.016667	126	
0p023333	0.023333	125	
0p03	0.03	125	
0	0	127	
0p01	0.01	127	
0p016667	0.016667	127	
0p023333	0.023333	126	
0p03	0.03	126	
0	0	128	
0p01	0.01	128	
0p016667	0.016667	128	
0p023333	0.023333	127	
0p03	0.03	127	
0	0	129	
0p01	0.01	129	
0p016667	0.016667	129	
0p023333	0.023333	128	
0p03	0.03	128	
0	0	130	
0p01	0.01	130	
0p016667	0.016667	130	
0p023333	0.023333	129	
0p03	0.03	129	
0	0	131	
0p01	0.01	131	
0p016667	0.016667	131	
0p023333	0.023333	130	
0p03	0.03	130	
0	0	132	
0p01	0.01	132	
0p016667	0.016667	132	
0p023333	0.023333	131	
0p03	0.03	131	
0	0	133	
0p01	0.01	133	
0p016667	0.016667	133	
0p023333	0.023333	132	
0p03	0.03	132	
0	0	134	
0p01	0.01	134	
0p016667	0.016667	134	
0p023333	0.023333	133	
0p03	0.03	133	
0	0	135	
0p01	0.01	135	
0p016667	0.016667	135	
0p023333	0.023333	134	
0p03	0.03	134	
0	0	136	
0p01	0.01	136	
0p016667	0.016667	136	
0p023333	0.023333	135	
0p03	0.03	135	
0	0	137	
0p01	0.01	137	
0p016667	0.016667	137	
0p023333	0.023333	136	
0p03	0.03	136	
0	0	138	
0p01	0.01	138	
0p016667	0.016667	138	
0p023333	0.023333	137	
0p03	0.03	137	
0	0	139	
0p01	0.01	139	
0p016667	0.016667	139	
0p023333	0.023333	138	
0p03	0.03	138	
0	0	140	
0p01	0.01	140	
0p016667	0.016667	140	
0p023333	0.023333	139	
0p03	0.03	139	
0	0	141	
0p01	0.01	141	
0p016667	0.016667	141	
0p023333	0.023333	140	
0p03	0.03	140	
0	0	142	
0p01	0.01	142	
0p016667	0.016667	142	
0p023333	0.023333	141	
0p03	0.03	141	
0	0	143	
0p01	0.01	143	
0p016667	0.016667	143	
0p023333	0.023333	142	
0p03	0.03	142	
0	0	144	
0p01	0.01	144	
0p016667	0.016667	144	
0p023333	0.023333	143	
0p03	0.03	143	
0	0	145	
0p01	0.01	145	
0p016667	0.016667	145	
0p023333	0.023333	144	
0p03	0.03	144	
0	0	146	
0p01	0.01	146	
0p016667	0.016667	146	
0p023333	0.023333	145	
0p03	0.03	145	
0	0	147	
0p01	0.01	147	
0p016667	0.016667	147	
0p023333	0.023333	146	
0p03	0.03	146	
0	0	148	
0p01	0.01	148	
0p016667	0.016667	148	
0p023333	0.023333	147	
0p03	0.03	147	
0	0	149	
0p01	0.01	149	
0p016667	0.016667	149	
0p023333	0.023333	148	
0p03	0.03	148	
0	0	150	
0p01	0.01	150	
0p016667	0.016667	150	
0p023333	0.023333	149	
0p03	0.03	149	
0	0	151	
0p01	0.01	151	
0p016667	0.016667	151	
0p023333	0.023333	150	
0p03	0.03	150	
0	0	152	
0p01	0.01	152	
0p016667	0.016667	152	
0p023333	0.023333	151	
0p03	0.03	151	
0	0	153	
0p01	0.01	153	
0p016667	0.016667	153	
0p023333	0.023333	152	
0p03	0.03	152	
0	0	154	
0p01	0.01	154	
0p016667	0.016667	154	
0p023333	0.023333	153	
0p03	0.03	153	
0	0	155	
0p01	0.01	155	
0p016667	0.016667	155	
0p023333	0.023333	154	
0p03	0.03	154	
0	0	156	
0p01	0.01	156	
0p016667	0.016667	156	
0p023333	0.023333	155	
0p03	0.03	155	
0	0	157	
0p01	0.01	157	
0p016667	0.016667	157	
0p023333	0.023333	156	
0p03	0.03	156	
0	0	158	
0p01	0.01	158	
0p016667	0.016667	158	
0p023333	0.023333	157	
0p03	0.03	157	
0	0	159	
0p01	0.01	159	
0p016667	0.016667	159	
0p023333	0.023333	158	
0p03	0.03	158	
0	0	160	
0p01	0.01	160	
0p016667	0.016667	160	
0p023333	0.023333	159	
0p03	0.03	159	
0	0	161	
0p01	0.01	161	
0p016667	0.016667	161	
0p023333	0.023333	160	
0p03	0.03	160	
0	0	162	
0p01	0.01	162	
0p016667	0.016667	162	
0p023333	0.023333	161	
0p03	0.03	161	
0	0	163	
0p01	0.01	163	
0p016667	0.016667	163	
0p023333	0.023333	162	
0p03	0.03	162	
0	0	164	
0p01	0.01	164	
0p016667	0.016667	164	
0p023333	0.023333	163	
0p03	0.03	163	
0	0	165	
0p01	0.01	165	
0p016667	0.016667	165	
0p023333	0.023333	164	
0p03	0.03	164	
0	0	166	
0p01	0.01	166	
0p016667	0.016667	166	
0p023333	0.023333	165	
0p03	0.03	165	
0	0	167	
0p01	0.01	167	
0p016667	0.016667	167	
0p023333	0.023333	166	
0p03	0.03	166	
0	0	168	
0p01	0.01	168	
0p016667	0.016667	168	
0p023333	0.023333	167	
0p03	0.03	167	
0	0	169	
0p01	0.01	169	
0p016667	0.016667	169	
0p023333	0.023333	168	
0p03	0.03	168	
0	0	170	
0p01	0.01	170	
0p016667	0.016667	170	
0p023333	0.023333	169	
0p03	0.03	169	
0	0	171	
0p01	0.01	171	
0p016667	0.016667	171	
0p023333	0.023333	170	
0p03	0.03	170	
0	0	172	
0p01	0.01	172	
0p016667	0.016667	172	
0p023333	0.023333	171	
0p03	0.03	171	
0	0	173	
0p01	0.01	173	
0p016667	0.016667	173	
0p023333	0.023333	172	
0p03	0.03	172	
0	0	174	
0p01	0.01	174	
0p016667	0.016667	174	
0p023333	0.023333	173	
0p03	0.03	173	
0	0	175	
0p01	0.01	175	
0p016667	0.016667	175	
0p023333	0.023333	174	
0p03	0.03	174	
0	0	176	
0p01	0.01	176	
0p016667	0.016667	176	
0p023333	0.023333	175	
0p03	0.03	175	
0	0	177	
0p01	0.01	177	
0p016667	0.016667	177	
0p023333	0.023333	176	
0p03	0.03	176	
0	0	178	
0p01	0.01	178	
0p016667	0.016667	178	
0p023333	0.023333	177	
0p03	0.03	177	
0	0	179	
0p01	0.01	179	
0p016667	0.016667	179	
0p023333	0.023333	178	
0p03	0.03	178	
0	0	180	
0p01	0.01	180	
0p016667	0.016667	180	
0p023333	0.023333	179	
0p03	0.03	179	
0	0	181	
0p01	0.01	181	
0p016667	0.016667	181	
0p023333	0.023333	180	
0p03	0.03	180	
0	0	182	
0p01	0.01	182	
0p016667	0.016667	182	
0p023333	0.023333	181	
0p03	0.03	181	
0	0	183	
0p01	0.01	183	
0p016667	0.016667	183	
0p023333	0.023333	182	
0p03	0.03	182	
0	0	184	
0p01	0.01	184	
0p016667	0.016667	184	
0p023333	0.023333	183	
0p03	0.03	183	
0	0	185	
0p01	0.01	185	
0p016667	0.016667	185	
0p023333	0.023333	184	
0p03	0.03	184	
0	0	186	
0p01	0.01	186	
0p016667	0.016667	186	
0p023333	0.023333	185	
0p03	0.03	185	
0	0	187	
0p01	0.01	187	
0p016667	0.016667	187	
0p023333	0.023333	186	
0p03	0.03	186	
0	0	188	
0p01	0.01	188	
0p016667	0.016667	188	
0p023333	0.023333	187	
0p03	0.03	187	
0	0	189	
0p01	0.01	189	
0p016667	0.016667	189	
0p023333	0.023333	188	
0p03	0.03	188	
0	0	190	
0p01	0.01	190	
0p016667	0.016667	190	
0p023333	0.023333	189	
0p03	0.03	189	
0	0	191	
0p01	0.01	191	
0p016667	0.016667	191	
0p023333	0.023333	190	
0p03	0.03	190	
0	0	192	
0p01	0.01	192	
0p016667	0.016667	192	
0p023333	0.023333	191	
0p03	0.03	191	
0	0	193	
0p01	0.01	193	
0p016667	0.016667	193	
0p023333	0.023333	192	
0p03	0.03	192	
0	0	194	
0p01	0.01	194	
0p016667	0.016667	194	
0p023333	0.023333	193	
0p03	0.03	193	
0	0	195	
0p01	0.01	195	
0p016667	0.016667	195	
0p023333	0.023333	194	
0p03	0.03	194	
0	0	196	
0p01	0.01	196	
0p016667	0.016667	196	
0p023333	0.023333	195	
0p03	0.03	195	
0	0	197	
0p01	0.01	197	
0p016667	0.016667	197	
0p023333	0.023333	196	
0p03	0.03	196	
0	0	198	
0p01	0.01	198	
0p016667	0.016667	198	
0p023333	0.023333	197	
0p03	0.03	197	
0	0	199	
0p01	0.01	199	
0p016667	0.016667	199	
0p023333	0.023333	198	
0p03	0.03	198	
0	0	200	
0p01	0.01	200	
0p016667	0.016667	200	
0p023333	0.023333	199	
0p03	0.03	199	
0	0	201	
0p01	0.01	201	
0p016667	0.016667	201	
0p023333	0.023333	200	
0p03	0.03	200	
0	0	202	
0p01	0.01	202	
0p016667	0.016667	202	
0p023333	0.023333	201	
0p03	0.03	201	
0	0	203	
0p01	0.01	203	
0p016667	0.016667	203	
0p023333	0.023333	202	
0p03	0.03	202	
0	0	204	
0p01	0.01	204	
0p016667	0.016667	204	
0p023333	0.023333	203	
0p03	0.03	203	
0	0	205	
0p01	0.01	205	
0p016667	0.016667	205	
0p023333	0.023333	204	
0p03	0.03	204	
0	0	206	
0p01	0.01	206	
0p016667	0.016667	206	
0p023333	0.023333	205	
0p03	0.03	205	
0	0	207	
0p01	0.01	207	
0p016667	0.016667	207	
0p023333	0.023333	206	
0p03	0.03	206	
0	0	208	
0p01	0.01	208	
0p016667	0.016667	208	
0p023333	0.023333	207	
0p03	0.03	207	
0	0	209	
0p01	0.01	209	
0p016667	0.016667	209	
0p023333	0.023333	208	
0p03	0.03	208	
0	0	210	
0p01	0.01	210	
0p016667	0.016667	210	
0p023333	0.023333	209	
0p03	0.03	209	
0	0	211	
0p01	0.01	211	
0p016667	0.016667	211	
0p023333	0.023333	210	
0p03	0.03	210	
0	0	212	
0p01	0.01	212	
0p016667	0.016667	212	
0p023333	0.023333	211	
0p03	0.03	211	
0	0	213	
0p01	0.01	213	
0p016667	0.016667	213	
0p023333	0.023333	212	
0p03	0.03	212	
0	0	214	
0p01	0.01	214	
0p016667	0.016667	214	
0p023333	0.023333	213	
0p03	0.03	213	
0	0	215	
0p01	0.01	215	
0p016667	0.016667	215	
0p023333	0.023333	214	
0p03	0.03	214	
0	0	216	
0p01	0.01	216	
0p016667	0.016667	216	
0p023333	0.023333	215	
0p03	0.03	215	
0	0	217	
0p01	0.01	217	
0p016667	0.016667	217	
0p023333	0.023333	216	
0p03	0.03	216	
0	0	218	
0p01	0.01	218	
0p016667	0.016667	218	
0p023333	0.023333	217	
0p03	0.03	217	
0	0	219	
0p01	0.01	219	
0p016667	0.016667	219	
0p023333	0.023333	218	
0p03	0.03	218	
0	0	220	
0p01	0.01	220	
0p016667	0.016667	220	
0p023333	0.023333	219	
0p03	0.03	219	
0	0	221	
0p01	0.01	221	
0p016667	0.016667	221	
0p023333	0.023333	220	
0p03	0.03	220	
0	0	222	
0p01	0.01	222	
0p016667	0.016667	222	
0p023333	0.023333	221	
0p03	0.03	221	
0	0	223	
0p01	0.01	223	
0p016667	0.016667	223	
0p023333	0.023333	222	
0p03	0.03	222	
0	0	224	
0p01	0.01	224	
0p016667	0.016667	224	
0p023333	0.023333	223	
0p03	0.03	223	
0	0	225	
0p01	0.01	225	
0p016667	0.016667	225	
0p023333	0.023333	224	
0p03	0.03	224	
0	0	226	
0p01	0.01	226	
0p016667	0.016667	226	
0p023333	0.023333	225	
0p03	0.03	225	
0	0	227	
0p01	0.01	227	
0p016667	0.016667	227	
0p023333	0.023333	226	
0p03	0.03	226	
0	0	228	
0p01	0.01	228	
0p016667	0.016667	228	
0p023333	0.023333	227	
0p03	0.03	227	
0	0	229	
0p01	0.01	229	
0p016667	0.016667	229	
0p023333	0.023333	228	
0p03	0.03	228	
0	0	230	
0p01	0.01	230	
0p016667	0.016667	230	
0p023333	0.023333	229	
0p03	0.03	229	
0	0	231	
0p01	0.01	231	
0p016667	0.016667	231	
0p023333	0.023333	230	
0p03	0.03	230	
0	0	232	
0p01	0.01	232	
0p016667	0.016667	232	
0p023333	0.023333	231	
0p03	0.03	231	
0	0	233	
0p01	0.01	233	
0p016667	0.016667	233	
0p023333	0.023333	232	
0p03	0.03	232	
0	0	234	
0p01	0.01	234	
0p016667	0.016667	234	
0p023333	0.023333	233	
0p03	0.03	233	
0	0	235	
0p01	0.01	235	
0p016667	0.016667	235	
0p023333	0.023333	234	
0p03	0.03	234	
0	0	236	
0p01	0.01	236	
0p016667	0.016667	236	
0p023333	0.023333	235	
0p03	0.03	235	
0	0	237	
0p01	0.01	237	
0p016667	0.016667	237	
0p023333	0.023333	236	
0p03	0.03	236	
0	0	238	
0p01	0.01	238	
0p016667	0.016667	238	
0p023333	0.023333	237	
0p03	0.03	237	
0	0	239	
0p01	0.01	239	
0p016667	0.016667	239	
0p023333	0.023333	238	
0p03	0.03	238	
0	0	240	
0p01	0.01	240	
0p016667	0.016667	240	
0p023333	0.023333	239	
0p03	0.03	239	
0	0	241	
0p01	0.01	241	
0p016667	0.016667	241	
0p023333	0.023333	240	
0p03	0.03	240	
0	0	242	
0p01	0.01	242	
0p016667	0.016667	242	
0p023333	0.023333	241	
0p03	0.03	241	
0	0	243	
0p01	0.01	243	
0p016667	0.016667	243	
0p023333	0.023333	242	
0p03	0.03	242	
0	0	244	
0p01	0.01	244	
0p016667	0.016667	244	
0p023333	0.023333	243	
0p03	0.03	243	
0	0	245	
0p01	0.01	245	
0p016667	0.016667	245	
0p023333	0.023333	244	
0p03	0.03	244	
0	0	246	
0p01	0.01	246	
0p016667	0.016667	246	
0p023333	0.023333	245	
0p03	0.03	245	
0	0	247	
0p01	0.01	247	
0p016667	0.016667	247	
0p023333	0.023333	246	
0p03	0.03	246	
0	0	248	
0p01	0.01	248	
0p016667	0.016667	248	
0p023333	0.023333	247	
0p03	0.03	247	
0	0	249	
0p01	0.01	249	
0p016667	0.016667	249	
0p023333	0.023333	248	
0p03	0.03	248	
0	0	250	
0p01	0.01	250	
0p016667	0.016667	250	
0p023333	0.023333	249	
0p03	0.03	249	
0	0	251	
0p01	0.01	251	
0p016667	0.016667	251	
0p023333	0.023333	250	
0p03	0.03	250	
0	0	252	
0p01	0.01	252	
0p016667	0.016667	252	
0p023333	0.023333	251	
0p03	0.03	251	
0	0	253	
0p01	0.01	253	
0p016667	0.016667	253	
0p023333	0.023333	252	
0p03	0.03	252	
0	0	254	
0p01	0.01	254	
0p016667	0.016667	254	
0p023333	0.023333	253	
0p03	0.03	253	
0	0	255	
0p01	0.01	255	
0p016667	0.016667	255	
0p023333	0.023333	254	
0p03	0.03	254	
0	0	256	
0p01	0.01	256	
0p016667	0.016667	256	
0p023333	0.023333	255	
0p03	0.03	255	
0	0	257	
0p01	0.01	257	
0p016667	0.016667	257	
0p023333	0.023333	256	
0p03	0.03	256	
0	0	258	
0p01	0.01	258	
0p016667	0.016667	258	
0p023333	0.023333	257	
0p03	0.03	257	
0	0	259	
0p01	0.01	259	
0p016667	0.016667	259	
0p023333	0.023333	258	
0p03	0.03	258	
0	0	260	
0p01	0.01	260	
0p016667	0.016667	260	
0p023333	0.023333	259	
0p03	0.03	259	
0	0	261	
0p01	0.01	261	
0p016667	0.016667	261	
0p023333	0.023333	260	
0p03	0.03	260	
0	0	262	
0p01	0.01	262	
0p016667	0.016667	262	
0p023333	0.023333	261	
0p03	0.03	261	
0	0	263	
0p01	0.01	263	
0p016667	0.016667	263	
0p023333	0.023333	262	
0p03	0.03	262	
0	0	264	
0p01	0.01	264	
0p016667	0.016667	264	
0p023333	0.023333	263	
0p03	0.03	263	
0	0	265	
0p01	0.01	265	
0p016667	0.016667	265	
0p023333	0.023333	264	
0p03	0.03	264	
0	0	266	
0p01	0.01	266	
0p016667	0.016667	266	
0p023333	0.023333	265	
0p03	0.03	265	
0	0	267	
0p01	0.01	267	
0p016667	0.016667	267	
0p023333	0.023333	266	
0p03	0.03	266	
0	0	268	
0p01	0.01	268	
0p016667	0.016667	268	
0p023333	0.023333	267	
0p03	0.03	267	
0	0	269	
0p01	0.01	269	
0p016667	0.016667	269	
0p023333	0.023333	268	
0p03	0.03	268	
0	0	270	
0p01	0.01	270	
0p016667	0.016667	270	
0p023333	0.023333	269	
0p03	0.03	269	
0	0	271	
0p01	0.01	271	
0p016667	0.016667	271	
0p023333	0.023333	270	
0p03	0.03	270	
0	0	272	
0p01	0.01	272	
0p016667	0.016667	272	
0p023333	0.023333	271	
0p03	0.03	271	
0	0	273	
0p01	0.01	273	
0p016667	0.016667	273	
0p023333	0.023333	272	
0p03	0.03	272	
0	0	274	
0p01	0.01	274	
0p016667	0.016667	274	
0p023333	0.023333	273	
0p03	0.03	273	
0	0	275	
0p01	0.01	275	
0p016667	0.016667	275	
0p023333	0.023333	274	
0p03	0.03	274	
0	0	276	
0p01	0.01	276	
0p016667	0.016667	276	
0p023333	0.023333	275	
0p03	0.03	275	
0	0	277	
0p01	0.01	277	
0p016667	0.016667	277	
0p023333	0.023333	276	
0p03	0.03	276	
0	0	278	
0p01	0.01	278	
0p016667	0.016667	278	
0p023333	0.023333	277	
0p03	0.03	277	
0	0	279	
0p01	0.01	279	
0p016667	0.016667	279	
0p023333	0.023333	278	
0p03	0.03	278	
0	0	280	
0p01	0.01	280	
0p016667	0.016667	280	
0p023333	0.023333	279	
0p03	0.03	279	
0	0	281	
0p01	0.01	281	
0p016667	0.016667	281	
0p023333	0.023333	280	
0p03	0.03	280	
0	0	282	
0p01	0.01	282	
0p016667	0.016667	282	
0p023333	0.023333	281	
0p03	0.03	281	
0	0	283	
0p01	0.01	283	
0p016667	0.016667	283	
0p023333	0.023333	282	
0p03	0.03	282	
0	0	284	
0p01	0.01	284	
0p016667	0.016667	284	
0p023333	0.023333	283	
0p03	0.03	283	
0	0	285	
0p01	0.01	285	
0p016667	0.016667	285	
0p023333	0.023333	284	
0p03	0.03	284	
0	0	286	
0p01	0.01	286	
0p016667	0.016667	286	
0p023333	0.023333	285	
0p03	0.03	285	
0	0	287	
0p01	0.01	287	
0p016667	0.016667	287	
0p023333	0.023333	286	
0p03	0.03	286	
0	0	288	
0p01	0.01	288	
0p016667	0.016667	288	
0p023333	0.023333	287	
0p03	0.03	287	
0	0	289	
0p01	0.01	289	
0p016667	0.016667	289	
0p023333	0.023333	288	
0p03	0.03	288	
0	0	290	
0p01	0.01	290	
0p016667	0.016667	290	
0p023333	0.023333	289	
0p03	0.03	289	
0	0	291	
0p01	0.01	291	
0p016667	0.016667	291	
0p023333	0.023333	290	
0p03	0.03	290	
0	0	292	
0p01	0.01	292	
0p016667	0.016667	292	
0p023333	0.023333	291	
0p03	0.03	291	
0	0	293	
0p01	0.01	293	
0p016667	0.016667	293	
0p023333	0.023333	292	
0p03	0.03	292	
0	0	294	
0p01	0.01	294	
0p016667	0.016667	294	
0p023333	0.023333	293	
0p03	0.03	293	
0	0	295	
0p01	0.01	295	
0p016667	0.016667	295	
0p023333	0.023333	294	
0p03	0.03	294	
0	0	296	
0p01	0.01	296	
0p016667	0.016667	296	
0p023333	0.023333	295	
0p03	0.03	295	
0	0	297	
0p01	0.01	297	
0p016667	0.016667	297	
0p023333	0.023333	296	
0p03	0.03	296	
0	0	298	
0p01	0.01	298	
0p016667	0.016667	298	
0p023333	0.023333	297	
0p03	0.03	297	
0	0	299	
0p01	0.01	299	
0p016667	0.016667	299	
0p023333	0.023333	298	
0p03	0.03	298	
0	0	300	
0p01	0.01	300	
0p016667	0.016667	300	
0p023333	0.023333	299	
0p03	0.03	299	
0	0	301	
0p01	0.01	301	
0p016667	0.016667	301	
0p023333	0.023333	300	
0p03	0.03	300	
0	0	302	
0p01	0.01	302	
0p016667	0.016667	302	
0p023333	0.023333	301	
0p03	0.03	301	
0	0	303	
0p01	0.01	303	
0p016667	0.016667	303	
0p023333	0.023333	302	
0p03	0.03	302	
0	0	304	
0p01	0.01	304	
0p016667	0.016667	304	
0p023333	0.023333	303	
0p03	0.03	303	
0	0	305	
0p01	0.01	305	
0p016667	0.016667	305	
0p023333	0.023333	304	
0p03	0.03	304	
0	0	306	
0p01	0.01	306	
0p016667	0.016667	306	
0p023333	0.023333	305	
0p03	0.03	305	
0	0	307	
0p01	0.01	307	
0p016667	0.016667	307	
0p023333	0.023333	306	
0p03	0.03	306	
0	0	308	
0p01	0.01	308	
0p016667	0.016667	308	
0p023333	0.023333	307	
0p03	0.03	307	
0	0	309	
0p01	0.01	309	
0p016667	0.016667	309	
0p023333	0.023333	308	
0p03	0.03	308	
0	0	310	
0p01	0.01	310	
0p016667	0.016667	310	
0p023333	0.023333	309	
0p03	0.03	309	
0	0	311	
0p01	0.01	311	
0p016667	0.016667	311	
0p023333	0.023333	310	
0p03	0.03	310	
0	0	312	
0p01	0.01	312	
0p016667	0.016667	312	
0p023333	0.023333	311	
0p03	0.03	311	
0	0	313	
0p01	0.01	313	
0p016667	0.016667	313	
0p023333	0.023333	312	
0p03	0.03	312	
0	0	314	
0p01	0.01	314	
0p016667	0.016667	314	
0p023333	0.023333	313	
0p03	0.03	313	
0	0	315	
0p01	0.01	315	
0p016667	0.016667	315	
0p023333	0.023333	314	
0p03	0.03	314	
0	0	316	
0p01	0.01	316	
0p016667	0.016667	316	
0p023333	0.023333	315	
0p03	0.03	315	
0	0	317	
0p01	0.01	317	
0p016667	0.016667	317	
0p023333	0.023333	316	
0p03	0.03	316	
0	0	318	
0p01	0.01	318	
0p016667	0.016667	318	
0p023333	0.023333	317	
0p03	0.03	317	
0	0	319	
0p01	0.01	319	
0p016667	0.016667	319	
0p023333	0.023333	318	
0p03	0.03	318	
0	0	320	
0p01	0.01	320	
0p016667	0.016667	320	
0p023333	0.023333	319	
0p03	0.03	319	
0	0	321	
0p01	0.01	321	
0p016667	0.016667	321	
0p023333	0.023333	320	
0p03	0.03	320	
0	0	322	
0p01	0.01	322	
0p016667	0.016667	322	
0p023333	0.023333	321	
0p03	0.03	321	
0	0	323	
0p01	0.01	323	
0p016667	0.016667	323	
0p023333	0.023333	322	
0p03	0.03	322	
0	0	324	
0p01	0.01	324	
0p016667	0.016667	324	
0p023333	0.023333	323	
0p03	0.03	323	
0	0	325	
0p01	0.01	325	
0p016667	0.016667	325	
0p023333	0.023333	324	
0p03	0.03	324	
0	0	326	
0p01	0.01	326	
0p016667	0.016667	326	
0p023333	0.023333	325	
0p03	0.03	325	
0	0	327	
0p01	0.01	327	
0p016667	0.016667	327	
0p023333	0.023333	326	
0p03	0.03	326	
0	0	328	
0p01	0.01	328	
0p016667	0.016667	328	
0p023333	0.023333	327	
0p03	0.03	327	
0	0	329	
0p01	0.01	329	
0p016667	0.016667	329	
0p023333	0.023333	328	
0p03	0.03	328	
0	0	330	
0p01	0.01	330	
0p016667	0.016667	330	
0p023333	0.023333	329	
0p03	0.03	329	
0	0	331	
0p01	0.01	331	
0p016667	0.016667	331	
0p023333	0.023333	330	
0p03	0.03	330	
0	0	332	
0p01	0.01	332	
0p016667	0.016667	332	
0p023333	0.023333	331	
0p03	0.03	331	
0	0	333	
0p01	0.01	333	
0p016667	0.016667	333	
0p023333	0.023333	332	
0p03	0.03	332	
0	0	334	
0p01	0.01	334	
0p016667	0.016667	334	
0p023333	0.023333	333	
0p03	0.03	333	
0	0	335	
0p01	0.01	335	
0p016667	0.016667	335	
0p023333	0.023333	334	
0p03	0.03	334	
0	0	336	
0p01	0.01	336	
0p016667	0.016667	336	
0p023333	0.023333	335	
0p03	0.03	335	
0	0	337	
0p01	0.01	337	
0p016667	0.016667	337	
0p023333	0.023333	336	
0p03	0.03	336	
0	0	338	
0p01	0.01	338	
0p016667	0.016667	338	
0p023333	0.023333	337	
0p03	0.03	337	
0	0	339	
0p01	0.01	339	
0p016667	0.016667	339	
0p023333	0.023333	338	
0p03	0.03	338	
0	0	340	
0p01	0.01	340	
0p016667	0.016667	340	
0p023333	0.023333	339	
0p03	0.03	339	
0	0	341	
0p01	0.01	341	
0p016667	0.016667	341	
0p023333	0.023333	340	
0p03	0.03	340	
0	0	342	
0p01	0.01	342	
0p016667	0.016667	342	
0p023333	0.023333	341	
0p03	0.03	341	
0	0	343	
0p01	0.01	343	
0p016667	0.016667	343	
0p023333	0.023333	342	
0p03	0.03	342	
0	0	344	
0p01	0.01	344	
0p016667	0.016667	344	
0p023333	0.023333	343	
0p03	0.03	343	
0	0	345	
0p01	0.01	345	
0p016667	0.016667	345	
0p023333	0.023333	344	
0p03	0.03	344	
0	0	346	
0p01	0.01	346	
0p016667	0.016667	346	
0p023333	0.023333	345	
0p03	0.03	345	
0	0	347	
0p01	0.01	347	
0p016667	0.016667	347	
0p023333	0.023333	346	
0p03	0.03	346	
0	0	348	
0p01	0.01	348	
0p016667	0.016667	348	
0p023333	0.023333	347	
0p03	0.03	347	
0	0	349	
0p01	0.01	349	
0p016667	0.016667	349	
0p023333	0.023333	348	
0p03	0.03	348	
0	0	350	
0p01	0.01	350	
0p016667	0.016667	350	
0p023333	0.023333	349	
0p03	0.03	349	
0	0	351	
0p01	0.01	351	
0p016667	0.016667	351	
0p023333	0.023333	350	
0p03	0.03	350	
0	0	352	
0p01	0.01	352	
0p016667	0.016667	352	
0p023333	0.023333	351	
0p03	0.03	351	
0	0	353	
0p01	0.01	353	
0p016667	0.016667	353	
0p023333	0.023333	352	
0p03	0.03	352	
0	0	354	
0p01	0.01	354	
0p016667	0.016667	354	
0p023333	0.023333	353	
0p03	0.03	353	
0	0	355	
0p01	0.01	355	
0p016667	0.016667	355	
0p023333	0.023333	354	
0p03	0.03	354	
0	0	356	
0p01	0.01	356	
0p016667	0.016667	356	
0p023333	0.023333	355	
0p03	0.03	355	
0	0	357	
0p01	0.01	357	
0p016667	0.016667	357	
0p023333	0.023333	356	
0p03	0.03	356	
0	0	358	
0p01	0.01	358	
0p016667	0.016667	358	
0p023333	0.023333	357	
0p03	0.03	357	
0	0	359	
0p01	0.01	359	
0p016667	0.016667	359	
0p023333	0.023333	358	
0p03	0.03	358	
0	0	360	
0p01	0.01	360	
0p016667	0.016667	360	
0p023333	0.023333	359	
0p03	0.03	359	
0	0	361	
0p01	0.01	361	
0p016667	0.016667	361	
0p023333	0.023333	360	
0p03	0.03	360	
0	0	362	
0p01	0.01	362	
0p016667	0.016667	362	
0p023333	0.023333	361	
0p03	0.03	361	
0	0	363	
0p01	0.01	363	
0p016667	0.016667	363	
0p023333	0.023333	362	
0p03	0.03	362	
0	0	364	
0p01	0.01	364	
0p016667	0.016667	364	
0p023333	0.023333	363	
0p03	0.03	363	
0	0	365	
0p01	0.01	365	
0p016667	0.016667	365	
0p023333	0.023333	364	
0p03	0.03	364	
0	0	366	
0p01	0.01	366	
0p016667	0.016667	366	
0p023333	0.023333	365	
0p03	0.03	365	
0	0	367	
0p01	0.01	367	
0p016667	0.016667	367	
0p023333	0.023333	366	
0p03	0.03	366	
0	0	368	
0p01	0.01	368	
0p016667	0.016667	368	
0p023333	0.023333	367	
0p03	0.03	367	
0	0	369	
0p01	0.01	369	
0p016667	0.016667	369	
0p023333	0.023333	368	
0p03	0.03	368	
0	0	370	
0p01	0.01	370	
0p016667	0.016667	370	
0p023333	0.023333	369	
0p03	0.03	369	
0	0	371	
0p01	0.01	371	
0p016667	0.016667	371	
0p023333	0.023333	370	
0p03	0.03	370	
0	0	372	
0p01	0.01	372	
0p016667	0.016667	372	
0p023333	0.023333	371	
0p03	0.03	371	
0	0	373	
0p01	0.01	373	
0p016667	0.016667	373	
0p023333	0.023333	372	
0p03	0.03	372	
0	0	374	
0p01	0.01	374	
0p016667	0.016667	374	
0p023333	0.023333	373	
0p03	0.03	373	
0	0	375	
0p01	0.01	375	
0p016667	0.016667	375	
0p023333	0.023333	374	
0p03	0.03	374	
0	0	376	
0p01	0.01	376	
0p016667	0.016667	376	
0p023333	0.023333	375	
0p03	0.03	375	
0	0	377	
0p01	0.01	377	
0p016667	0.016667	377	
0p023333	0.023333	376	
0p03	0.03	376	
0	0	378	
0p01	0.01	378	
0p016667	0.016667	378	
0p023333	0.023333	377	
0p03	0.03	377	
0	0	379	
0p01	0.01	379	
0p016667	0.016667	379	
0p023333	0.023333	378	
0p03	0.03	378	
0	0	380	
0p01	0.01	380	
0p016667	0.016667	380	
0p023333	0.023333	379	
0p03	0.03	379	
0	0	381	
0p01	0.01	381	
0p016667	0.016667	381	
0p023333	0.023333	380	
0p03	0.03	380	
0	0	382	
0p01	0.01	382	
0p016667	0.016667	382	
0p023333	0.023333	381	
0p03	0.03	381	
0	0	383	
0p01	0.01	383	
0p016667	0.016667	383	
0p023333	0.023333	382	
0p03	0.03	382	
0	0	384	
0p01	0.01	384	
0p016667	0.016667	384	
0p023333	0.023333	383	
0p03	0.03	383	
0	0	385	
0p01	0.01	385	
0p016667	0.016667	385	
0p023333	0.023333	384	
0p03	0.03	384	
0	0	386	
0p01	0.01	386	
0p016667	0.016667	386	
0p023333	0.023333	385	
0p03	0.03	385	
0	0	387	
0p01	0.01	387	
0p016667	0.016667	387	
0p023333	0.023333	386	
0p03	0.03	386	
0	0	388	
0p01	0.01	388	
0p016667	0.016667	388	
0p023333	0.023333	387	
0p03	0.03	387	
0	0	389	
0p01	0.01	389	
0p016667	0.016667	389	
0p023333	0.023333	388	
0p03	0.03	388	
0	0	390	
0p01	0.01	390	
0p016667	0.016667	390	
0p023333	0.023333	389	
0p03	0.03	389	
0	0	391	
0p01	0.01	391	
0p016667	0.016667	391	
0p023333	0.023333	390	
0p03	0.03	390	
0	0	392	
0p01	0.01	392	
0p016667	0.016667	392	
0p023333	0.023333	391	
0p03	0.03	391	
0	0	393	
0p01	0.01	393	
0p016667	0.016667	393	
0p023333	0.023333	392	
0p03	0.03	392	
0	0	394	
0p01	0.01	394	
0p016667	0.016667	394	
0p023333	0.023333	393	
0p03	0.03	393	
0	0	395	
0p01	0.01	395	
0p016667	0.016667	395	
0p023333	0.023333	394	
0p03	0.03	394	
0	0	396	
0p01	0.01	396	
0p016667	0.016667	396	
0p023333	0.023333	395	
0p03	0.03	395	
0	0	397	
0p01	0.01	397	
0p016667	0.016667	397	
0p023333	0.023333	396	
0p03	0.03	396	
0	0	398	
0p01	0.01	398	
0p016667	0.016667	398	
0p023333	0.023333	397	
0p03	0.03	397	
0	0	399	
0p01	0.01	399	
0p016667	0.016667	399	
0p023333	0.023333	398	
0p03	0.03	398	
0	0	400	
0p01	0.01	400	
0p016667	0.016667	400	
0p023333	0.023333	399	
0p03	0.03	399	
0	0	401	
0p01	0.01	401	
0p016667	0.016667	401	
0p023333	0.023333	400	
0p03	0.03	400	
0	0	402	
0p01	0.01	402	
0p016667	0.016667	402	
0p023333	0.023333	401	
0p03	0.03	401	
0	0	403	
0p01	0.01	403	
0p016667	0.016667	403	
0p023333	0.023333	402	
0p03	0.03	402	
0	0	404	
0p01	0.01	404	
0p016667	0.016667	404	
0p023333	0.023333	403	
0p03	0.03	403	
0	0	405	
0p01	0.01	405	
0p016667	0.016667	405	
0p023333	0.023333	404	
0p03	0.03	404	
0	0	406	
0p01	0.01	406	
0p016667	0.016667	406	
0p023333	0.023333	405	
0p03	0.03	405	
0	0	407	
0p01	0.01	407	
0p016667	0.016667	407	
0p023333	0.023333	406	
0p03	0.03	406	
0	0	408	
0p01	0.01	408	
0p016667	0.016667	408	
0p023333	0.023333	407	
0p03	0.03	407	
0	0	409	
0p01	0.01	409	
0p016667	0.016667	409	
0p023333	0.023333	408	
0p03	0.03	408	
0	0	410	
0p01	0.01	410	
0p016667	0.016667	410	
0p023333	0.023333	409	
0p03	0.03	409	
0	0	411	
0p01	0.01	411	
0p016667	0.016667	411	
0p023333	0.023333	410	
0p03	0.03	410	
0	0	412	
0p01	0.01	412	
0p016667	0.016667	412	
0p023333	0.023333	411	
0p03	0.03	411	
0	0	413	
0p01	0.01	413	
0p016667	0.016667	413	
0p023333	0.023333	412	
0p03	0.03	412	
0	0	414	
0p01	0.01	414	
0p016667	0.016667	414	
0p023333	0.023333	413	
0p03	0.03	413	
0	0	415	
0p01	0.01	415	
0p016667	0.016667	415	
0p023333	0.023333	414	
0p03	0.03	414	
0	0	416	
0p01	0.01	416	
0p016667	0.016667	416	
0p023333	0.023333	415	
0p03	0.03	415	
0	0	417	
0p01	0.01	417	
0p016667	0.016667	417	
0p023333	0.023333	416	
0p03	0.03	416	
0	0	418	
0p01	0.01	418	
0p016667	0.016667	418	
0p023333	0.023333	417	
0p03	0.03	417	
0	0	419	
0p01	0.01	419	
0p016667	0.016667	419	
0p023333	0.023333	418	
0p03	0.03	418	
0	0	420	
0p01	0.01	420	
0p016667	0.016667	420	
0p023333	0.023333	419	
0p03	0.03	419	
0	0	421	
0p01	0.01	421	
0p016667	0.016667	421	
0p023333	0.023333	420	
0p03	0.03	420	
0	0	422	
0p01	0.01	422	
0p016667	0.016667	422	
0p023333	0.023333	421	
0p03	0.03	421	
0	0	423	
0p01	0.01	423	
0p016667	0.016667	423	
0p023333	0.023333	422	
0p03	0.03	422	
0	0	424	
0p01	0.01	424	
0p016667	0.016667	424	
0p023333	0.023333	423	
0p03	0.03	423	
0	0	425	
0p01	0.01	425	
0p016667	0.016667	425	
0p023333	0.023333	424	
0p03	0.03	424	
0	0	426	
0p01	0.01	426	
0p016667	0.016667	426	
0p023333	0.023333	425	
0p03	0.03	425	
0	0	427	
0p01	0.01	427	
0p016667	0.016667	427	
0p023333	0.023333	426	
0p03	0.03	426	
0	0	428	
0p01	0.01	428	
0p016667	0.016667	428	
0p023333	0.023333	427	
0p03	0.03	427	
0	0	429	
0p01	0.01	429	
0p016667	0.016667	429	
0p023333	0.023333	428	
0p03	0.03	428	
0	0	430	
0p01	0.01	430	
0p016667	0.016667	430	
0p023333	0.023333	429	
0p03	0.03	429	
0	0	431	
0p01	0.01	431	
0p016667	0.016667	431	
0p023333	0.023333	430	
0p03	0.03	430	
0	0	432	
0p01	0.01	432	
0p016667	0.016667	432	
0p023333	0.023333	431	
0p03	0.03	431	
0	0	433	
0p01	0.01	433	
0p016667	0.016667	433	
0p023333	0.023333	432	
0p03	0.03	432	
0	0	434	
0p01	0.01	434	
0p016667	0.016667	434	
0p023333	0.023333	433	
0p03	0.03	433	
0	0	435	
0p01	0.01	435	
0p016667	0.016667	435	
0p023333	0.023333	434	
0p03	0.03	434	
0	0	436	
0p01	0.01	436	
0p016667	0.016667	436	
0p023333	0.023333	435	
0p03	0.03	435	
0	0	437	
0p01	0.01	437	
0p016667	0.016667	437	
0p023333	0.023333	436	
0p03	0.03	436	
0	0	438	
0p01	0.01	438	
0p016667	0.016667	438	
0p023333	0.023333	437	
0p03	0.03	437	
0	0	439	
0p01	0.01	439	
0p016667	0.016667	439	
0p023333	0.023333	438	
0p03	0.03	438	
0	0	440	
0p01	0.01	440	
0p016667	0.016667	440	
0p023333	0.023333	439	
0p03	0.03	439	
0	0	441	
0p01	0.01	441	
0p016667	0.016667	441	
0p023333	0.023333	440	
0p03	0.03	440	
0	0	442	
0p01	0.01	442	
0p016667	0.016667	442	
0p023333	0.023333	441	
0p03	0.03	441	
0	0	443	
0p01	0.01	443	
0p016667	0.016667	443	
0p023333	0.023333	442	
0p03	0.03	442	
0	0	444	
0p01	0.01	444	
0p016667	0.016667	444	
0p023333	0.023333	443	
0p03	0.03	443	
0	0	445	
0p01	0.01	445	
0p016667	0.016667	445	
0p023333	0.023333	444	
0p03	0.03	444	
0	0	446	
0p01	0.01	446	
0p016667	0.016667	446	
0p023333	0.023333	445	
0p03	0.03	445	
0	0	447	
0p01	0.01	447	
0p016667	0.016667	447	
0p023333	0.023333	446	
0p03	0.03	446	
0	0	448	
0p01	0.01	448	
0p016667	0.016667	448	
0p023333	0.023333	447	
0p03	0.03	447	
0	0	449	
0p01	0.01	449	
0p016667	0.016667	449	
0p023333	0.023333	448	
0p03	0.03	448	
0	0	450	
0p01	0.01	450	
0p016667	0.016667	450	
0p023333	0.023333	449	
0p03	0.03	449	
0	0	451	
0p01	0.01	451	
0p016667	0.016667	451	
0p023333	0.023333	450	
0p03	0.03	450	
0	0	452	
0p01	0.01	452	
0p016667	0.016667	452	
0p023333	0.023333	451	
0p03	0.03	451	
0	0	453	
0p01	0.01	453	
0p016667	0.016667	453	
0p023333	0.023333	452	
0p03	0.03	452	
0	0	454	
0p01	0.01	454	
0p016667	0.016667	454	
0p023333	0.023333	453	
0p03	0.03	453	
0	0	455	
0p01	0.01	455	
0p016667	0.016667	455	
0p023333	0.023333	454	
0p03	0.03	454	
0	0	456	
0p01	0.01	456	
0p016667	0.016667	456	
0p023333	0.023333	455	
0p03	0.03	455	
0	0	457	
0p01	0.01	457	
0p016667	0.016667	457	
0p023333	0.023333	456	
0p03	0.03	456	
0	0	458	
0p01	0.01	458	
0p016667	0.016667	458	
0p023333	0.023333	457	
0p03	0.03	457	
0	0	459	
0p01	0.01	459	
0p016667	0.016667	459	
0p023333	0.023333	458	
0p03	0.03	458	
0	0	460	
0p01	0.01	460	
0p016667	0.016667	460	
0p023333	0.023333	459	
0p03	0.03	459	
0	0	461	
0p01	0.01	461	
0p016667	0.016667	461	
0p023333	0.023333	460	
0p03	0.03	460	
0	0	462	
0p01	0.01	462	
0p016667	0.016667	462	
0p023333	0.023333	461	
0p03	0.03	461	
0	0	463	
0p01	0.01	463	
0p016667	0.016667	463	
0p023333	0.023333	462	
0p03	0.03	462	
0	0	464	
0p01	0.01	464	
0p016667	0.016667	464	
0p023333	0.023333	463	
0p03	0.03	463	
0	0	465	
0p01	0.01	465	
0p016667	0.016667	465	
0p023333	0.023333	464	
0p03	0.03	464	
0	0	466	
0p01	0.01	466	
0p016667	0.016667	466	
0p023333	0.023333	465	
0p03	0.03	465	
0	0	467	
0p01	0.01	467	
0p016667	0.016667	467	
0p023333	0.023333	466	
0p03	0.03	466	
0	0	468	
0p01	0.01	468	
0p016667	0.016667	468	
0p023333	0.023333	467	
0p03	0.03	467	
0	0	469	
0p01	0.01	469	
0p016667	0.016667	469	
0p023333	0.023333	468	
0p03	0.03	468	
0	0	470	
0p01	0.01	470	
0p016667	0.016667	470	
0p023333	0.023333	469	
0p03	0.03	469	
0	0	471	
0p01	0.01	471	
0p016667	0.016667	471	
0p023333	0.023333	470	
0p03	0.03	470	
0	0	472	
0p01	0.01	472	
0p016667	0.016667	472	
0p023333	0.023333	471	
0p03	0.03	471	
0	0	473	
0p01	0.01	473	
0p016667	0.016667	473	
0p023333	0.023333	472	
0p03	0.03	472	
0	0	474	
0p01	0.01	474	
0p016667	0.016667	474	
0p023333	0.023333	473	
0p03	0.03	473	
0	0	475	
0p01	0.01	475	
0p016667	0.016667	475	
0p023333	0.023333	474	
0p03	0.03	474	
0	0	476	
0p01	0.01	476	
0p016667	0.016667	476	
0p023333	0.023333	475	
0p03	0.03	475	
0	0	477	
0p01	0.01	477	
0p016667	0.016667	477	
0p023333	0.023333	476	
0p03	0.03	476	
0	0	478	
0p01	0.01	478	
0p016667	0.016667	478	
0p023333	0.023333	477	
0p03	0.03	477	
0	0	479	
0p01	0.01	479	
0p016667	0.016667	479	
0p023333	0.023333	478	
0p03	0.03	478	
0	0	480	
0p01	0.01	480	
0p016667	0.016667	480	
0p023333	0.023333	479	
0p03	0.03	479	
0	0	481	
0p01	0.01	481	
0p016667	0.016667	481	
0p023333	0.023333	480	
0p03	0.03	480	
0	0	482	
0p01	0.01	482	
0p016667	0.016667	482	
0p023333	0.023333	481	
0p03	0.03	481	
0	0	483	
0p01	0.01	483	
0p016667	0.016667	483	
0p023333	0.023333	482	
0p03	0.03	482	
0	0	484	
0p01	0.01	484	
0p016667	0.016667	484	
0p023333	0.023333	483	
0p03	0.03	483	
0	0	485	
0p01	0.01	485	
0p016667	0.016667	485	
0p023333	0.023333	484	
0p03	0.03	484	
0	0	486	
0p01	0.01	486	
0p016667	0.016667	486	
0p023333	0.023333	485	
0p03	0.03	485	
0	0	487	
0p01	0.01	487	
0p016667	0.016667	487	
0p023333	0.023333	486	
0p03	0.03	486	
0	0	488	
0p01	0.01	488	
0p016667	0.016667	488	
0p023333	0.023333	487	
0p03	0.03	487	
0	0	489	
0p01	0.01	489	
0p016667	0.016667	489	
0p023333	0.023333	488	
0p03	0.03	488	
0	0	490	
0p01	0.01	490	
0p016667	0.016667	490	
0p023333	0.023333	489	
0p03	0.03	489	
0	0	491	
0p01	0.01	491	
0p016667	0.016667	491	
0p023333	0.023333	490	
0p03	0.03	490	
0	0	492	
0p01	0.01	492	
0p016667	0.016667	492	
0p023333	0.023333	491	
0p03	0.03	491	
0	0	493	
0p01	0.01	493	
0p016667	0.016667	493	
0p023333	0.023333	492	
0p03	0.03	492	
0	0	494	
0p01	0.01	494	
0p016667	0.016667	494	
0p023333	0.023333	493	
0p03	0.03	493	
0	0	495	
0p01	0.01	495	
0p016667	0.016667	495	
0p023333	0.023333	494	
0p03	0.03	494	
0	0	496	
0p01	0.01	496	
0p016667	0.016667	496	
0p023333	0.023333	495	
0p03	0.03	495	
0	0	497	
0p01	0.01	497	
0p016667	0.016667	497	
0p023333	0.023333	496	
0p03	0.03	496	
0	0	498	
0p01	0.01	498	
0p016667	0.016667	498	
0p023333	0.023333	497	
0p03	0.03	497	
0	0	499	
0p01	0.01	499	
0p016667	0.016667	499	
0p023333	0.023333	498	
0p03	0.03	498	
0	0	500	
0p01	0.01	500	
0p016667	0.016667	500	
0p023333	0.023333	499	
0p03	0.03	499	
0	0	501	
0p01	0.01	501	
0p016667	0.016667	501	
0p023333	0.023333	500	
0p03	0.03	500	
0	0	502	
0p01	0.01	502	
0p016667	0.016667	502	
0p023333	0.023333	501	
0p03	0.03	501	
0	0	503	
0p01	0.01	503	
0p016667	0.016667	503	
0p023333	0.023333	502	
0p03	0.03	502	
0	0	504	
0p01	0.01	504	
0p016667	0.016667	504	
0p023333	0.023333	503	
0p03	0.03	503	
0	0	505	
0p01	0.01	505	
0p016667	0.016667	505	
0p023333	0.023333	504	
0p03	0.03	504	
0	0	506	
0p01	0.01	506	
0p016667	0.016667	506	
0p023333	0.023333	505	
0p03	0.03	505	
0	0	507	
0p01	0.01	507	
0p016667	0.016667	507	
0p023333	0.023333	506	
0p03	0.03	506	
0	0	508	
0p01	0.01	508	
0p016667	0.016667	508	
0p023333	0.023333	507	
0p03	0.03	507	
0	0	509	
0p01	0.01	509	
0p016667	0.016667	509	
0p023333	0.023333	508	
0p03	0.03	508	
0	0	510	
0p01	0.01	510	
0p016667	0.016667	510	
0p023333	0.023333	509	
0p03	0.03	509	
0	0	511	
0p01	0.01	511	
0p016667	0.016667	511	
0p023333	0.023333	510	
0p03	0.03	510	
0	0	512	
0p01	0.01	512	
0p016667	0.016667	512	
0p023333	0.023333	511	
0p03	0.03	511	
0	0	513	
0p01	0.01	513	
0p016667	0.016667	513	
0p023333	0.023333	512	
0p03	0.03	512	
0	0	514	
0p01	0.01	514	
0p016667	0.016667	514	
0p023333	0.023333	513	
0p03	0.03	513	
0	0	515	
0p01	0.01	515	
0p016667	0.016667	515	
0p023333	0.023333	514	
0p03	0.03	514	
0	0	516	
0p01	0.01	516	
0p016667	0.016667	516	
0p023333	0.023333	515	
0p03	0.03	515	
0	0	517	
0p01	0.01	517	
0p016667	0.016667	517	
0p023333	0.023333	516	
0p03	0.03	516	
0	0	518	
0p01	0.01	518	
0p016667	0.016667	518	
0p023333	0.023333	517	
0p03	0.03	517	
0	0	519	
0p01	0.01	519	
0p016667	0.016667	519	
0p023333	0.023333	518	
0p03	0.03	518	
0	0	520	
0p01	0.01	520	
0p016667	0.016667	520	
0p023333	0.023333	519	
0p03	0.03	519	
0	0	521	
0p01	0.01	521	
0p016667	0.016667	521	
0p023333	0.023333	520	
0p03	0.03	520	
0	0	522	
0p01	0.01	522	
0p016667	0.016667	522	
0p023333	0.023333	521	
0p03	0.03	521	
0	0	523	
0p01	0.01	523	
0p016667	0.016667	523	
0p023333	0.023333	522	
0p03	0.03	522	
0	0	524	
0p01	0.01	524	
0p016667	0.016667	524	
0p023333	0.023333	523	
0p03	0.03	523	
0	0	525	
0p01	0.01	525	
0p016667	0.016667	525	
0p023333	0.023333	524	
0p03	0.03	524	
0	0	526	
0p01	0.01	526	
0p016667	0.016667	526	
0p023333	0.023333	525	
0p03	0.03	525	
0	0	527	
0p01	0.01	527	
0p016667	0.016667	527	
0p023333	0.023333	526	
0p03	0.03	526	
0	0	528	
0p01	0.01	528	
0p016667	0.016667	528	
0p023333	0.023333	527	
0p03	0.03	527	
0	0	529	
0p01	0.01	529	
0p016667	0.016667	529	
0p023333	0.023333	528	
0p03	0.03	528	
0	0	530	
0p01	0.01	530	
0p016667	0.016667	530	
0p023333	0.023333	529	
0p03	0.03	529	
0	0	531	
0p01	0.01	531	
0p016667	0.016667	531	
0p023333	0.023333	530	
0p03	0.03	530	
0	0	532	
0p01	0.01	532	
0p016667	0.016667	532	
0p023333	0.023333	531	
0p03	0.03	531	
0	0	533	
0p01	0.01	533	
0p016667	0.016667	533	
0p023333	0.023333	532	
0p03	0.03	532	
0	0	534	
0p01	0.01	534	
0p016667	0.016667	534	
0p023333	0.023333	533	
0p03	0.03	533	
0	0	535	
0p01	0.01	535	
0p016667	0.016667	535	
0p023333	0.023333	534	
0p03	0.03	534	
0	0	536	
0p01	0.01	536	
0p016667	0.016667	536	
0p023333	0.023333	535	
0p03	0.03	535	
0	0	537	
0p01	0.01	537	
0p016667	0.016667	537	
0p023333	0.023333	536	
0p03	0.03	536	
0	0	538	
0p01	0.01	538	
0p016667	0.016667	538	
0p023333	0.023333	537	
0p03	0.03	537	
0	0	539	
0p01	0.01	539	
0p016667	0.016667	539	
0p023333	0.023333	538	
0p03	0.03	538	
0	0	540	
0p01	0.01	540	
0p016667	0.016667	540	
0p023333	0.023333	539	
0p03	0.03	539	
0	0	541	
0p01	0.01	541	
0p016667	0.016667	541	
0p023333	0.023333	540	
0p03	0.03	540	
0	0	542	
0p01	0.01	542	
0p016667	0.016667	542	
0p023333	0.023333	541	
0p03	0.03	541	
0	0	543	
0p01	0.01	543	
0p016667	0.016667	543	
0p023333	0.023333	542	
0p03	0.03	542	
0	0	544	
0p01	0.01	544	
0p016667	0.016667	544	
0p023333	0.023333	543	
0p03	0.03	543	
0	0	545	
0p01	0.01	545	
0p016667	0.016667	545	
0p023333	0.023333	544	
0p03	0.03	544	
0	0	546	
0p01	0.01	546	
0p016667	0.016667	546	
0p023333	0.023333	545	
0p03	0.03	545	
0	0	547	
0p01	0.01	547	
0p016667	0.016667	547	
0p023333	0.023333	546	
0p03	0.03	546	
0	0	548	
0p01	0.01	548	
0p016667	0.016667	548	
0p023333	0.023333	547	
0p03	0.03	547	
0	0	549	
0p01	0.01	549	
0p016667	0.016667	549	
0p023333	0.023333	548	
0p03	0.03	548	
0	0	550	
0p01	0.01	550	
0p016667	0.016667	550	
0p023333	0.023333	549	
0p03	0.03	549	
0	0	551	
0p01	0.01	551	
0p016667	0.016667	551	
0p023333	0.023333	550	
0p03	0.03	550	
0	0	552	
0p01	0.01	552	
0p016667	0.016667	552	
0p023333	0.023333	551	
0p03	0.03	551	
0	0	553	
0p01	0.01	553	
0p016667	0.016667	553	
0p023333	0.023333	552	
0p03	0.03	552	
0	0	554	
0p01	0.01	554	
0p016667	0.016667	554	
0p023333	0.023333	553	
0p03	0.03	553	
0	0	555	
0p01	0.01	555	
0p016667	0.016667	555	
0p023333	0.023333	554	
0p03	0.03	554	
0	0	556	
0p01	0.01	556	
0p016667	0.016667	556	
0p023333	0.023333	555	
0p03	0.03	555	
0	0	557	
0p01	0.01	557	
0p016667	0.016667	557	
0p023333	0.023333	556	
0p03	0.03	556	
0	0	558	
0p01	0.01	558	
0p016667	0.016667	558	
0p023333	0.023333	557	
0p03	0.03	557	
0	0	559	
0p01	0.01	559	
0p016667	0.016667	559	
0p023333	0.023333	558	
0p03	0.03	558	
